date,X,Y,Z
2024-08-13 23:47:00,12293.5,6.6804,51486.8
2024-08-13 23:48:00,12293.3,6.6857,51490.0
2024-08-13 23:49:00,12303.2,6.6649,51489.9
2024-08-13 23:50:00,12313.0,6.6822,51491.4
2024-08-13 23:51:00,12325.9,6.6881,51486.3
2024-08-13 23:52:00,12326.1,6.7045,51485.9
2024-08-13 23:53:00,12327.4,6.7376,51486.0
2024-08-13 23:54:00,12326.8,6.765,51486.6
2024-08-13 23:55:00,12327.6,6.7701,51485.8
2024-08-13 23:56:00,12329.6,6.7754,51491.3
2024-08-13 23:57:00,12324.0,6.7898,51492.2
2024-08-13 23:58:00,12309.6,6.8035,51497.3
2024-08-13 23:59:00,12299.4,6.8395,51498.7
2024-08-14 00:00:00,12287.7,6.8609,51496.5
2024-08-14 00:01:00,12282.5,6.8626,51493.7
2024-08-14 00:02:00,12280.0,6.8457,51492.4
2024-08-14 00:03:00,12267.4,6.8146,51489.0
2024-08-14 00:04:00,12252.8,6.8624,51495.6
2024-08-14 00:05:00,12244.5,6.8855,51500.6
2024-08-14 00:06:00,12244.6,6.8768,51503.7
2024-08-14 00:07:00,12243.7,6.8824,51503.7
2024-08-14 00:08:00,12224.7,6.9194,51504.4
2024-08-14 00:09:00,12215.7,6.9443,51511.7
2024-08-14 00:10:00,12201.2,6.9813,51531.7
2024-08-14 00:11:00,12185.7,6.9815,51548.8
2024-08-14 00:12:00,12182.2,6.9381,51564.0
2024-08-14 00:13:00,12199.1,6.9004,51573.6
2024-08-14 00:14:00,12201.7,6.8869,51577.2
2024-08-14 00:15:00,12198.9,6.9149,51582.5
2024-08-14 00:16:00,12209.6,6.8977,51581.8
2024-08-14 00:17:00,12212.7,6.8735,51580.5
2024-08-14 00:18:00,12223.1,6.8629,51580.2
2024-08-14 00:19:00,12232.2,6.8796,51578.9
2024-08-14 00:20:00,12262.3,6.9113,51572.6
2024-08-14 00:21:00,12274.7,6.9394,51560.0
2024-08-14 00:22:00,12274.4,7.0063,51554.8
2024-08-14 00:23:00,12262.4,7.1104,51557.9
2024-08-14 00:24:00,12242.6,7.1671,51565.5
2024-08-14 00:25:00,12237.3,7.1466,51574.6
2024-08-14 00:26:00,12242.2,7.0835,51583.3
2024-08-14 00:27:00,12240.9,7.0358,51589.8
2024-08-14 00:28:00,12248.0,6.9829,51594.6
2024-08-14 00:29:00,12251.1,6.9455,51601.1
2024-08-14 00:30:00,12250.5,6.909,51608.0
2024-08-14 00:31:00,12254.4,6.8636,51612.0
2024-08-14 00:32:00,12259.3,6.8178,51612.2
2024-08-14 00:33:00,12262.1,6.7857,51607.5
2024-08-14 00:34:00,12259.2,6.7894,51602.7
2024-08-14 00:35:00,12257.1,6.8122,51599.9
2024-08-14 00:36:00,12261.7,6.8471,51602.0
2024-08-14 00:37:00,12273.4,6.8776,51607.8
2024-08-14 00:38:00,12285.1,6.8427,51620.4
2024-08-14 00:39:00,12297.8,6.7391,51625.3
2024-08-14 00:40:00,12310.7,6.6547,51616.3
2024-08-14 00:41:00,12309.9,6.6243,51603.1
2024-08-14 00:42:00,12302.1,6.6053,51586.1
2024-08-14 00:43:00,12297.4,6.6294,51566.3
2024-08-14 00:44:00,12291.2,6.6986,51551.5
2024-08-14 00:45:00,12301.9,6.7884,51538.3
2024-08-14 00:46:00,12320.2,6.8977,51526.9
2024-08-14 00:47:00,12334.0,7.0416,51531.4
2024-08-14 00:48:00,12341.5,7.1154,51552.7
2024-08-14 00:49:00,12347.9,7.1488,51580.0
2024-08-14 00:50:00,12339.6,7.141,51606.7
2024-08-14 00:51:00,12337.6,7.071,51627.9
2024-08-14 00:52:00,12336.3,6.9698,51650.4
2024-08-14 00:53:00,12331.3,6.8673,51660.2
2024-08-14 00:54:00,12323.1,6.7763,51659.7
2024-08-14 00:55:00,12310.0,6.7331,51658.0
2024-08-14 00:56:00,12289.5,6.6862,51658.6
2024-08-14 00:57:00,12266.9,6.6478,51662.6
2024-08-14 00:58:00,12269.2,6.6161,51654.5
2024-08-14 00:59:00,12283.3,6.6475,51626.2
2024-08-14 01:00:00,12274.5,6.8069,51610.9
2024-08-14 01:01:00,12275.5,6.9343,51599.1
2024-08-14 01:02:00,12306.6,6.8383,51570.3
2024-08-14 01:03:00,12315.7,6.7579,51554.3
2024-08-14 01:04:00,12309.5,7.0134,51542.4
2024-08-14 01:05:00,12241.6,7.2192,51576.4
2024-08-14 01:06:00,12210.8,7.1108,51596.3
2024-08-14 01:07:00,12208.4,6.9552,51610.9
2024-08-14 01:08:00,12182.8,6.8732,51613.0
2024-08-14 01:09:00,12134.5,6.9461,51610.4
2024-08-14 01:10:00,12125.7,6.8202,51591.8
2024-08-14 01:11:00,12148.9,6.5767,51572.8
2024-08-14 01:12:00,12170.2,6.2942,51533.2
2024-08-14 01:13:00,12148.0,6.3267,51474.3
2024-08-14 01:14:00,12091.5,6.7226,51412.5
2024-08-14 01:15:00,12077.8,7.6464,51448.9
2024-08-14 01:16:00,12129.5,7.5165,51576.1
2024-08-14 01:17:00,12151.6,7.1184,51633.5
2024-08-14 01:18:00,12174.1,6.9452,51642.4
2024-08-14 01:19:00,12183.2,6.8555,51634.8
2024-08-14 01:20:00,12174.5,6.8462,51626.8
2024-08-14 01:21:00,12175.3,6.9101,51617.2
2024-08-14 01:22:00,12166.2,6.9651,51602.7
2024-08-14 01:23:00,12146.7,7.0626,51605.5
2024-08-14 01:24:00,12129.6,7.1578,51612.4
2024-08-14 01:25:00,12126.5,7.2204,51611.8
2024-08-14 01:26:00,12106.1,7.2746,51618.6
2024-08-14 01:27:00,12096.1,7.2591,51628.6
2024-08-14 01:28:00,12077.9,7.2017,51642.4
2024-08-14 01:29:00,12074.0,7.0943,51644.1
2024-08-14 01:30:00,12078.6,7.0427,51637.9
2024-08-14 01:31:00,12100.6,7.0003,51626.0
2024-08-14 01:32:00,12131.7,6.9378,51607.0
2024-08-14 01:33:00,12157.3,6.9597,51583.4
2024-08-14 01:34:00,12169.9,7.0439,51554.3
2024-08-14 01:35:00,12168.5,7.1719,51527.4
2024-08-14 01:36:00,12180.2,7.3684,51513.7
2024-08-14 01:37:00,12178.8,7.5985,51515.9
2024-08-14 01:38:00,12169.1,7.794,51536.5
2024-08-14 01:39:00,12157.2,7.8947,51574.3
2024-08-14 01:40:00,12139.8,7.8556,51613.4
2024-08-14 01:41:00,12136.8,7.7684,51644.0
2024-08-14 01:42:00,12141.8,7.6102,51659.1
2024-08-14 01:43:00,12144.6,7.4747,51653.3
2024-08-14 01:44:00,12147.5,7.3318,51647.9
2024-08-14 01:45:00,12156.2,7.1807,51641.7
2024-08-14 01:46:00,12167.2,7.0792,51636.2
2024-08-14 01:47:00,12177.5,6.9989,51631.1
2024-08-14 01:48:00,12184.1,6.9211,51623.2
2024-08-14 01:49:00,12194.4,6.8609,51613.3
2024-08-14 01:50:00,12205.0,6.8137,51606.5
2024-08-14 01:51:00,12222.2,6.7468,51598.8
2024-08-14 01:52:00,12227.7,6.6768,51586.3
2024-08-14 01:53:00,12233.6,6.6247,51566.4
2024-08-14 01:54:00,12237.1,6.5978,51543.8
2024-08-14 01:55:00,12240.8,6.5834,51520.1
2024-08-14 01:56:00,12243.4,6.5795,51494.5
2024-08-14 01:57:00,12240.8,6.6148,51472.7
2024-08-14 01:58:00,12243.2,6.706,51454.4
2024-08-14 01:59:00,12251.8,6.8795,51447.9
2024-08-14 02:00:00,12249.1,7.0464,51466.6
2024-08-14 02:01:00,12256.4,7.1713,51498.6
2024-08-14 02:02:00,12250.5,7.2287,51540.3
2024-08-14 02:03:00,12230.5,7.188,51577.1
2024-08-14 02:04:00,12212.5,7.117,51615.7
2024-08-14 02:05:00,12201.4,6.9885,51641.5
2024-08-14 02:06:00,12198.1,6.833,51657.8
2024-08-14 02:07:00,12206.1,6.6847,51664.1
2024-08-14 02:08:00,12213.2,6.5503,51654.8
2024-08-14 02:09:00,12198.7,6.4625,51641.5
2024-08-14 02:10:00,12178.4,6.4197,51621.3
2024-08-14 02:11:00,12167.1,6.3999,51588.5
2024-08-14 02:12:00,12154.6,6.492,51541.6
2024-08-14 02:13:00,12143.7,6.7105,51513.7
2024-08-14 02:14:00,12156.0,6.8853,51508.6
2024-08-14 02:15:00,12182.3,6.8962,51503.7
2024-08-14 02:16:00,12197.3,6.876,51501.7
2024-08-14 02:17:00,12190.0,6.8998,51501.1
2024-08-14 02:18:00,12186.7,7.0031,51499.9
2024-08-14 02:19:00,12175.6,7.141,51500.3
2024-08-14 02:20:00,12151.4,7.239,51506.9
2024-08-14 02:21:00,12141.6,7.2613,51510.7
2024-08-14 02:22:00,12142.1,7.2629,51517.9
2024-08-14 02:23:00,12161.9,7.2019,51506.5
2024-08-14 02:24:00,12189.5,7.1528,51492.6
2024-08-14 02:25:00,12210.7,7.1589,51483.8
2024-08-14 02:26:00,12217.2,7.2832,51479.7
2024-08-14 02:27:00,12207.4,7.4182,51488.7
2024-08-14 02:28:00,12203.2,7.4343,51495.5
2024-08-14 02:29:00,12200.7,7.4716,51504.1
2024-08-14 02:30:00,12202.2,7.4819,51520.0
2024-08-14 02:31:00,12211.4,7.497,51555.4
2024-08-14 02:32:00,12216.5,7.4968,51601.1
2024-08-14 02:33:00,12216.4,7.4554,51654.5
2024-08-14 02:34:00,12199.7,7.2098,51706.5
2024-08-14 02:35:00,12168.8,6.9147,51729.9
2024-08-14 02:36:00,12149.2,6.6005,51716.5
2024-08-14 02:37:00,12140.6,6.5043,51685.9
2024-08-14 02:38:00,12145.9,6.411,51663.4
2024-08-14 02:39:00,12150.1,6.2412,51603.6
2024-08-14 02:40:00,12170.2,6.184,51531.9
2024-08-14 02:41:00,12196.9,6.2997,51458.5
2024-08-14 02:42:00,12195.1,6.6088,51405.1
2024-08-14 02:43:00,12209.2,6.9169,51396.4
2024-08-14 02:44:00,12219.8,7.065,51427.2
2024-08-14 02:45:00,12251.3,7.0709,51454.1
2024-08-14 02:46:00,12242.5,7.1701,51477.9
2024-08-14 02:47:00,12231.9,7.1963,51487.3
2024-08-14 02:48:00,12228.4,7.2205,51498.4
2024-08-14 02:49:00,12202.0,7.3043,51512.5
2024-08-14 02:50:00,12162.2,7.3579,51516.8
2024-08-14 02:51:00,12165.3,7.2049,51502.8
2024-08-14 02:52:00,12183.4,7.1076,51505.9
2024-08-14 02:53:00,12205.4,7.1121,51520.6
2024-08-14 02:54:00,12205.3,7.0877,51512.0
2024-08-14 02:55:00,12210.1,7.1034,51502.8
2024-08-14 02:56:00,12234.0,7.0365,51501.8
2024-08-14 02:57:00,12244.5,7.0022,51491.8
2024-08-14 02:58:00,12233.4,7.0491,51490.8
2024-08-14 02:59:00,12248.7,7.1548,51494.3
2024-08-14 03:00:00,12255.2,7.1303,51487.0
2024-08-14 03:01:00,12262.4,7.1258,51483.4
2024-08-14 03:02:00,12262.9,7.2509,51481.8
2024-08-14 03:03:00,12242.3,7.3451,51496.2
2024-08-14 03:04:00,12236.5,7.3438,51492.2
2024-08-14 03:05:00,12235.1,7.4836,51497.5
2024-08-14 03:06:00,12234.9,7.486,51507.6
2024-08-14 03:07:00,12246.4,7.439,51526.0
2024-08-14 03:08:00,12274.6,7.3685,51531.4
2024-08-14 03:09:00,12270.7,7.3698,51542.9
2024-08-14 03:10:00,12234.3,7.3794,51555.3
2024-08-14 03:11:00,12233.3,7.3352,51561.1
2024-08-14 03:12:00,12223.1,7.3523,51566.3
2024-08-14 03:13:00,12236.7,7.4505,51588.3
2024-08-14 03:14:00,12249.1,7.49,51602.6
2024-08-14 03:15:00,12249.7,7.4345,51606.3
2024-08-14 03:16:00,12233.0,7.4861,51611.1
2024-08-14 03:17:00,12222.3,7.4072,51593.1
2024-08-14 03:18:00,12224.5,7.3799,51564.4
2024-08-14 03:19:00,12243.5,7.3791,51570.3
2024-08-14 03:20:00,12262.6,7.3916,51547.6
2024-08-14 03:21:00,12279.1,7.2995,51519.8
2024-08-14 03:22:00,12298.7,7.3524,51513.4
2024-08-14 03:23:00,12306.6,7.3104,51512.1
2024-08-14 03:24:00,12313.5,7.3162,51511.3
2024-08-14 03:25:00,12308.5,7.3043,51497.0
2024-08-14 03:26:00,12319.5,7.2674,51489.5
2024-08-14 03:27:00,12327.9,7.207,51472.5
2024-08-14 03:28:00,12337.6,7.2561,51464.1
2024-08-14 03:29:00,12343.5,7.2264,51470.0
2024-08-14 03:30:00,12355.2,7.2641,51465.1
2024-08-14 03:31:00,12365.7,7.1861,51458.3
2024-08-14 03:32:00,12370.5,7.1188,51434.0
2024-08-14 03:33:00,12370.7,7.0969,51425.6
2024-08-14 03:34:00,12390.1,7.0643,51435.2
2024-08-14 03:35:00,12420.9,7.0623,51428.2
2024-08-14 03:36:00,12410.7,7.0145,51426.1
2024-08-14 03:37:00,12417.8,6.9943,51428.6
2024-08-14 03:38:00,12421.8,6.9197,51409.5
2024-08-14 03:39:00,12424.0,6.8788,51407.9
2024-08-14 03:40:00,12437.4,6.8318,51414.7
2024-08-14 03:41:00,12440.2,6.8037,51422.2
2024-08-14 03:42:00,12461.0,6.7385,51416.3
2024-08-14 03:43:00,12453.1,6.7212,51417.4
2024-08-14 03:44:00,12445.8,6.7388,51429.5
2024-08-14 03:45:00,12453.2,6.7702,51442.2
2024-08-14 03:46:00,12456.9,6.8136,51452.6
2024-08-14 03:47:00,12461.9,6.8241,51453.2
2024-08-14 03:48:00,12447.7,6.8349,51445.5
2024-08-14 03:49:00,12457.3,6.7923,51440.3
2024-08-14 03:50:00,12448.5,6.7885,51448.0
2024-08-14 03:51:00,12449.7,6.8369,51453.6
2024-08-14 03:52:00,12465.9,6.8527,51453.3
2024-08-14 03:53:00,12473.3,6.7823,51439.9
2024-08-14 03:54:00,12467.2,6.6973,51422.6
2024-08-14 03:55:00,12459.5,6.6764,51428.4
2024-08-14 03:56:00,12470.3,6.7229,51442.4
2024-08-14 03:57:00,12482.9,6.7725,51453.0
2024-08-14 03:58:00,12489.5,6.7801,51453.5
2024-08-14 03:59:00,12486.3,6.7876,51453.2
2024-08-14 04:00:00,12484.3,6.7975,51453.6
2024-08-14 04:01:00,12486.9,6.7836,51453.4
2024-08-14 04:02:00,12481.7,6.7903,51458.3
2024-08-14 04:03:00,12474.5,6.8264,51460.9
2024-08-14 04:04:00,12477.0,6.8218,51456.4
2024-08-14 04:05:00,12473.2,6.7847,51454.8
2024-08-14 04:06:00,12462.1,6.7512,51461.4
2024-08-14 04:07:00,12475.6,6.7873,51471.8
2024-08-14 04:08:00,12488.3,6.8397,51478.9
2024-08-14 04:09:00,12487.2,6.8518,51479.2
2024-08-14 04:10:00,12478.9,6.8245,51473.7
2024-08-14 04:11:00,12473.0,6.8077,51477.1
2024-08-14 04:12:00,12482.3,6.8173,51483.7
2024-08-14 04:13:00,12500.1,6.8631,51490.7
2024-08-14 04:14:00,12517.2,6.8236,51488.3
2024-08-14 04:15:00,12488.4,6.8515,51492.3
2024-08-14 04:16:00,12485.9,6.8698,51487.0
2024-08-14 04:17:00,12496.3,6.8893,51487.0
2024-08-14 04:18:00,12496.0,6.8764,51487.5
2024-08-14 04:19:00,12497.8,6.8495,51482.4
2024-08-14 04:20:00,12501.7,6.8459,51488.2
2024-08-14 04:21:00,12501.3,6.8417,51494.8
2024-08-14 04:22:00,12506.8,6.841,51493.8
2024-08-14 04:23:00,12509.7,6.8411,51492.5
2024-08-14 04:24:00,12507.4,6.8435,51492.2
2024-08-14 04:25:00,12504.0,6.8397,51489.1
2024-08-14 04:26:00,12499.9,6.848,51487.8
2024-08-14 04:27:00,12500.8,6.8507,51490.0
2024-08-14 04:28:00,12508.8,6.8405,51494.3
2024-08-14 04:29:00,12514.0,6.8232,51497.1
2024-08-14 04:30:00,12515.7,6.8281,51498.5
2024-08-14 04:31:00,12512.9,6.8185,51496.7
2024-08-14 04:32:00,12498.6,6.8231,51497.6
2024-08-14 04:33:00,12499.6,6.8457,51500.9
2024-08-14 04:34:00,12498.2,6.8819,51507.0
2024-08-14 04:35:00,12526.5,6.8925,51507.0
2024-08-14 04:36:00,12527.8,6.84,51503.3
2024-08-14 04:37:00,12498.5,6.8327,51501.9
2024-08-14 04:38:00,12499.1,6.8341,51498.0
2024-08-14 04:39:00,12511.9,6.8257,51503.5
2024-08-14 04:40:00,12508.5,6.8473,51509.7
2024-08-14 04:41:00,12513.0,6.8663,51509.6
2024-08-14 04:42:00,12515.0,6.876,51508.9
2024-08-14 04:43:00,12509.8,6.8606,51506.5
2024-08-14 04:44:00,12511.4,6.839,51504.3
2024-08-14 04:45:00,12509.7,6.84,51506.5
2024-08-14 04:46:00,12505.9,6.8533,51508.6
2024-08-14 04:47:00,12505.2,6.8731,51510.5
2024-08-14 04:48:00,12508.7,6.875,51510.4
2024-08-14 04:49:00,12514.3,6.8674,51509.1
2024-08-14 04:50:00,12515.9,6.8405,51505.7
2024-08-14 04:51:00,12508.7,6.8452,51506.2
2024-08-14 04:52:00,12512.5,6.8343,51504.3
2024-08-14 04:53:00,12510.8,6.8491,51506.9
2024-08-14 04:54:00,12516.8,6.8365,51505.3
2024-08-14 04:55:00,12515.9,6.8253,51503.4
2024-08-14 04:56:00,12511.4,6.8301,51504.5
2024-08-14 04:57:00,12507.8,6.8419,51505.6
2024-08-14 04:58:00,12513.5,6.8417,51506.5
2024-08-14 04:59:00,12517.3,6.8371,51507.4
2024-08-14 05:00:00,12510.9,6.8534,51509.0
2024-08-14 05:01:00,12519.3,6.8647,51509.4
2024-08-14 05:02:00,12528.1,6.8325,51505.6
2024-08-14 05:03:00,12520.2,6.8279,51505.9
2024-08-14 05:04:00,12515.1,6.83,51505.4
2024-08-14 05:05:00,12518.2,6.8289,51506.5
2024-08-14 05:06:00,12519.8,6.8352,51509.4
2024-08-14 05:07:00,12522.7,6.8327,51508.9
2024-08-14 05:08:00,12525.4,6.8305,51508.2
2024-08-14 05:09:00,12526.8,6.8211,51508.0
2024-08-14 05:10:00,12523.0,6.8211,51508.4
2024-08-14 05:11:00,12520.4,6.8198,51507.8
2024-08-14 05:12:00,12515.3,6.826,51508.5
2024-08-14 05:13:00,12513.9,6.8312,51509.2
2024-08-14 05:14:00,12521.1,6.8122,51507.3
2024-08-14 05:15:00,12519.6,6.8083,51507.6
2024-08-14 05:16:00,12514.9,6.8161,51508.2
2024-08-14 05:17:00,12515.7,6.8186,51509.6
2024-08-14 05:18:00,12517.5,6.8268,51512.5
2024-08-14 05:19:00,12518.1,6.8329,51513.1
2024-08-14 05:20:00,12518.0,6.8378,51512.5
2024-08-14 05:21:00,12522.2,6.8177,51510.6
2024-08-14 05:22:00,12525.0,6.8036,51510.4
2024-08-14 05:23:00,12525.0,6.8048,51511.3
2024-08-14 05:24:00,12522.1,6.8191,51512.1
2024-08-14 05:25:00,12518.1,6.8262,51511.9
2024-08-14 05:26:00,12520.0,6.8192,51510.2
2024-08-14 05:27:00,12522.7,6.8099,51511.1
2024-08-14 05:28:00,12521.5,6.8151,51512.5
2024-08-14 05:29:00,12520.4,6.8158,51512.1
2024-08-14 05:30:00,12519.4,6.8041,51511.8
2024-08-14 05:31:00,12522.7,6.7927,51514.4
2024-08-14 05:32:00,12525.1,6.808,51520.8
2024-08-14 05:33:00,12520.0,6.8542,51524.5
2024-08-14 05:34:00,12523.1,6.8675,51520.2
2024-08-14 05:35:00,12510.5,6.8929,51518.2
2024-08-14 05:36:00,12510.9,6.8803,51514.7
2024-08-14 05:37:00,12520.0,6.825,51509.6
2024-08-14 05:38:00,12516.5,6.787,51509.1
2024-08-14 05:39:00,12516.9,6.758,51507.2
2024-08-14 05:40:00,12515.0,6.7628,51510.8
2024-08-14 05:41:00,12516.5,6.7764,51513.1
2024-08-14 05:42:00,12517.4,6.8056,51512.5
2024-08-14 05:43:00,12515.0,6.8223,51510.6
2024-08-14 05:44:00,12510.3,6.8304,51511.1
2024-08-14 05:45:00,12508.9,6.8525,51514.6
2024-08-14 05:46:00,12513.4,6.8748,51519.6
2024-08-14 05:47:00,12509.9,6.8898,51522.4
2024-08-14 05:48:00,12506.7,6.8969,51520.4
2024-08-14 05:49:00,12509.6,6.8825,51517.8
2024-08-14 05:50:00,12514.3,6.8514,51516.5
2024-08-14 05:51:00,12511.5,6.8323,51515.0
2024-08-14 05:52:00,12506.6,6.7942,51510.7
2024-08-14 05:53:00,12499.4,6.8023,51511.3
2024-08-14 05:54:00,12501.9,6.8045,51513.2
2024-08-14 05:55:00,12504.7,6.8015,51513.3
2024-08-14 05:56:00,12500.2,6.8152,51514.2
2024-08-14 05:57:00,12495.0,6.8295,51514.0
2024-08-14 05:58:00,12502.2,6.816,51511.1
2024-08-14 05:59:00,12507.5,6.797,51510.5
2024-08-14 06:00:00,12496.4,6.8132,51514.4
2024-08-14 06:01:00,12494.2,6.867,51519.1
2024-08-14 06:02:00,12497.2,6.9177,51525.3
2024-08-14 06:03:00,12502.6,6.9316,51526.3
2024-08-14 06:04:00,12502.6,6.9207,51522.8
2024-08-14 06:05:00,12500.4,6.9213,51520.0
2024-08-14 06:06:00,12505.9,6.8982,51516.6
2024-08-14 06:07:00,12503.4,6.8693,51514.2
2024-08-14 06:08:00,12498.5,6.8321,51511.6
2024-08-14 06:09:00,12497.3,6.8192,51511.7
2024-08-14 06:10:00,12500.2,6.8249,51514.1
2024-08-14 06:11:00,12500.2,6.84,51516.7
2024-08-14 06:12:00,12500.8,6.8548,51517.5
2024-08-14 06:13:00,12501.7,6.8633,51516.4
2024-08-14 06:14:00,12499.5,6.867,51514.6
2024-08-14 06:15:00,12497.3,6.8702,51514.1
2024-08-14 06:16:00,12496.9,6.8745,51515.7
2024-08-14 06:17:00,12498.1,6.8691,51516.5
2024-08-14 06:18:00,12500.2,6.87,51516.7
2024-08-14 06:19:00,12500.6,6.869,51515.2
2024-08-14 06:20:00,12501.0,6.8735,51515.6
2024-08-14 06:21:00,12502.2,6.8716,51516.2
2024-08-14 06:22:00,12500.5,6.8716,51517.0
2024-08-14 06:23:00,12497.2,6.8763,51517.9
2024-08-14 06:24:00,12496.0,6.8878,51518.9
2024-08-14 06:25:00,12497.0,6.9047,51520.0
2024-08-14 06:26:00,12499.0,6.8997,51518.6
2024-08-14 06:27:00,12498.7,6.8891,51517.7
2024-08-14 06:28:00,12496.3,6.8821,51518.9
2024-08-14 06:29:00,12495.5,6.8934,51521.6
2024-08-14 06:30:00,12495.3,6.9099,51523.9
2024-08-14 06:31:00,12494.8,6.9078,51522.9
2024-08-14 06:32:00,12492.7,6.9037,51520.6
2024-08-14 06:33:00,12488.8,6.904,51520.1
2024-08-14 06:34:00,12488.0,6.9039,51520.4
2024-08-14 06:35:00,12488.3,6.8985,51521.0
2024-08-14 06:36:00,12488.0,6.9049,51521.9
2024-08-14 06:37:00,12488.9,6.9059,51519.5
2024-08-14 06:38:00,12489.3,6.8912,51515.9
2024-08-14 06:39:00,12491.4,6.8669,51512.7
2024-08-14 06:40:00,12491.1,6.8555,51512.8
2024-08-14 06:41:00,12485.7,6.8673,51516.5
2024-08-14 06:42:00,12484.9,6.8861,51519.2
2024-08-14 06:43:00,12487.1,6.8933,51518.7
2024-08-14 06:44:00,12486.2,6.8968,51518.0
2024-08-14 06:45:00,12486.4,6.888,51516.1
2024-08-14 06:46:00,12490.5,6.8842,51516.6
2024-08-14 06:47:00,12491.4,6.8838,51517.9
2024-08-14 06:48:00,12490.3,6.8859,51518.3
2024-08-14 06:49:00,12488.9,6.8948,51518.1
2024-08-14 06:50:00,12489.9,6.891,51516.2
2024-08-14 06:51:00,12490.5,6.8909,51515.9
2024-08-14 06:52:00,12491.1,6.8936,51516.1
2024-08-14 06:53:00,12493.5,6.8875,51515.5
2024-08-14 06:54:00,12492.4,6.8852,51515.5
2024-08-14 06:55:00,12490.2,6.8774,51514.8
2024-08-14 06:56:00,12489.8,6.866,51513.8
2024-08-14 06:57:00,12490.6,6.868,51514.7
2024-08-14 06:58:00,12491.4,6.8712,51515.4
2024-08-14 06:59:00,12490.4,6.8769,51514.6
2024-08-14 07:00:00,12490.4,6.88,51512.6
2024-08-14 07:01:00,12491.7,6.8711,51510.8
2024-08-14 07:02:00,12491.2,6.8664,51512.7
2024-08-14 07:03:00,12488.1,6.8769,51515.5
2024-08-14 07:04:00,12487.8,6.8809,51516.1
2024-08-14 07:05:00,12490.4,6.8787,51515.2
2024-08-14 07:06:00,12492.3,6.8686,51514.5
2024-08-14 07:07:00,12489.6,6.8665,51514.8
2024-08-14 07:08:00,12488.5,6.868,51515.3
2024-08-14 07:09:00,12489.4,6.8666,51515.2
2024-08-14 07:10:00,12488.0,6.8651,51516.1
2024-08-14 07:11:00,12487.3,6.8561,51516.5
2024-08-14 07:12:00,12489.7,6.8523,51515.8
2024-08-14 07:13:00,12489.9,6.856,51516.3
2024-08-14 07:14:00,12487.8,6.8578,51515.3
2024-08-14 07:15:00,12485.4,6.8532,51513.5
2024-08-14 07:16:00,12484.7,6.8446,51512.3
2024-08-14 07:17:00,12483.7,6.8477,51513.7
2024-08-14 07:18:00,12484.8,6.8489,51514.7
2024-08-14 07:19:00,12485.1,6.8414,51516.4
2024-08-14 07:20:00,12485.2,6.8369,51518.0
2024-08-14 07:21:00,12483.6,6.8451,51518.6
2024-08-14 07:22:00,12483.2,6.8508,51518.1
2024-08-14 07:23:00,12486.3,6.8463,51516.3
2024-08-14 07:24:00,12489.4,6.8428,51514.8
2024-08-14 07:25:00,12492.1,6.8381,51512.4
2024-08-14 07:26:00,12488.4,6.8365,51512.2
2024-08-14 07:27:00,12484.6,6.8382,51512.4
2024-08-14 07:28:00,12485.4,6.8393,51512.6
2024-08-14 07:29:00,12483.6,6.8404,51512.6
2024-08-14 07:30:00,12483.5,6.8347,51511.5
2024-08-14 07:31:00,12485.4,6.8284,51512.1
2024-08-14 07:32:00,12489.1,6.8278,51514.6
2024-08-14 07:33:00,12490.2,6.8395,51517.7
2024-08-14 07:34:00,12490.6,6.8536,51518.2
2024-08-14 07:35:00,12489.9,6.8553,51515.7
2024-08-14 07:36:00,12489.0,6.848,51512.9
2024-08-14 07:37:00,12487.2,6.8393,51512.2
2024-08-14 07:38:00,12487.7,6.8324,51512.2
2024-08-14 07:39:00,12491.6,6.8265,51512.7
2024-08-14 07:40:00,12491.5,6.8331,51514.5
2024-08-14 07:41:00,12488.3,6.8394,51515.6
2024-08-14 07:42:00,12486.3,6.8301,51513.8
2024-08-14 07:43:00,12486.1,6.8177,51514.0
2024-08-14 07:44:00,12486.3,6.8178,51516.6
2024-08-14 07:45:00,12487.6,6.8222,51517.7
2024-08-14 07:46:00,12488.2,6.8264,51517.8
2024-08-14 07:47:00,12487.0,6.8214,51516.8
2024-08-14 07:48:00,12485.6,6.817,51515.7
2024-08-14 07:49:00,12484.2,6.8119,51515.5
2024-08-14 07:50:00,12484.5,6.8056,51515.4
2024-08-14 07:51:00,12488.2,6.8055,51516.1
2024-08-14 07:52:00,12490.2,6.8121,51518.2
2024-08-14 07:53:00,12489.6,6.8197,51519.3
2024-08-14 07:54:00,12487.3,6.8283,51519.5
2024-08-14 07:55:00,12487.7,6.8328,51519.6
2024-08-14 07:56:00,12490.2,6.8346,51519.4
2024-08-14 07:57:00,12488.8,6.8373,51519.6
2024-08-14 07:58:00,12486.4,6.8388,51519.1
2024-08-14 07:59:00,12487.6,6.8362,51517.3
2024-08-14 08:00:00,12486.3,6.8288,51517.7
2024-08-14 08:01:00,12481.8,6.8255,51519.2
2024-08-14 08:02:00,12482.4,6.8151,51520.1
2024-08-14 08:03:00,12482.7,6.8124,51521.9
2024-08-14 08:04:00,12482.5,6.8136,51521.7
2024-08-14 08:05:00,12480.4,6.8054,51520.3
2024-08-14 08:06:00,12477.3,6.7985,51519.3
2024-08-14 08:07:00,12476.6,6.7932,51519.1
2024-08-14 08:08:00,12481.4,6.7845,51518.5
2024-08-14 08:09:00,12480.7,6.793,51520.5
2024-08-14 08:10:00,12482.6,6.8015,51521.4
2024-08-14 08:11:00,12484.9,6.8121,51521.8
2024-08-14 08:12:00,12483.0,6.8158,51520.5
2024-08-14 08:13:00,12482.9,6.8116,51518.2
2024-08-14 08:14:00,12484.8,6.8078,51517.5
2024-08-14 08:15:00,12483.4,6.8095,51519.6
2024-08-14 08:16:00,12480.3,6.8185,51521.7
2024-08-14 08:17:00,12478.8,6.8262,51522.2
2024-08-14 08:18:00,12482.9,6.8221,51521.4
2024-08-14 08:19:00,12484.6,6.8133,51521.4
2024-08-14 08:20:00,12481.5,6.8028,51520.8
2024-08-14 08:21:00,12478.0,6.8018,51519.9
2024-08-14 08:22:00,12474.1,6.802,51519.4
2024-08-14 08:23:00,12471.5,6.8007,51520.4
2024-08-14 08:24:00,12476.6,6.7895,51519.6
2024-08-14 08:25:00,12480.5,6.7835,51520.2
2024-08-14 08:26:00,12478.8,6.7887,51522.8
2024-08-14 08:27:00,12479.9,6.8027,51524.2
2024-08-14 08:28:00,12477.3,6.8209,51526.6
2024-08-14 08:29:00,12471.9,6.8313,51527.1
2024-08-14 08:30:00,12470.3,6.8289,51524.3
2024-08-14 08:31:00,12469.6,6.8322,51523.1
2024-08-14 08:32:00,12469.6,6.8261,51522.7
2024-08-14 08:33:00,12469.2,6.8097,51522.0
2024-08-14 08:34:00,12470.0,6.8021,51521.0
2024-08-14 08:35:00,12471.7,6.7952,51521.1
2024-08-14 08:36:00,12472.1,6.7898,51522.3
2024-08-14 08:37:00,12473.0,6.7884,51522.9
2024-08-14 08:38:00,12474.3,6.7962,51522.8
2024-08-14 08:39:00,12473.5,6.7977,51522.0
2024-08-14 08:40:00,12472.4,6.7946,51520.2
2024-08-14 08:41:00,12471.8,6.7842,51518.0
2024-08-14 08:42:00,12472.3,6.7727,51517.7
2024-08-14 08:43:00,12472.8,6.7661,51519.2
2024-08-14 08:44:00,12474.5,6.7722,51522.3
2024-08-14 08:45:00,12476.9,6.7865,51524.7
2024-08-14 08:46:00,12478.5,6.7951,51524.7
2024-08-14 08:47:00,12478.8,6.7917,51522.7
2024-08-14 08:48:00,12476.5,6.7854,51521.2
2024-08-14 08:49:00,12475.7,6.7788,51520.7
2024-08-14 08:50:00,12477.1,6.7763,51520.7
2024-08-14 08:51:00,12476.9,6.7772,51521.1
2024-08-14 08:52:00,12477.9,6.777,51520.6
2024-08-14 08:53:00,12478.3,6.7747,51520.3
2024-08-14 08:54:00,12478.0,6.7711,51520.1
2024-08-14 08:55:00,12479.5,6.7687,51519.9
2024-08-14 08:56:00,12481.0,6.7632,51520.0
2024-08-14 08:57:00,12480.2,6.7602,51521.4
2024-08-14 08:58:00,12478.3,6.7643,51522.8
2024-08-14 08:59:00,12478.9,6.7694,51523.4
2024-08-14 09:00:00,12479.4,6.7778,51523.5
2024-08-14 09:01:00,12483.0,6.7742,51522.3
2024-08-14 09:02:00,12484.4,6.7816,51521.6
2024-08-14 09:03:00,12482.0,6.7794,51521.4
2024-08-14 09:04:00,12481.7,6.7798,51521.3
2024-08-14 09:05:00,12481.4,6.7796,51522.3
2024-08-14 09:06:00,12480.9,6.7821,51522.9
2024-08-14 09:07:00,12481.0,6.7826,51523.4
2024-08-14 09:08:00,12479.5,6.7795,51524.3
2024-08-14 09:09:00,12479.0,6.7809,51524.9
2024-08-14 09:10:00,12478.0,6.7823,51525.6
2024-08-14 09:11:00,12476.1,6.7786,51525.2
2024-08-14 09:12:00,12474.5,6.7771,51525.1
2024-08-14 09:13:00,12473.3,6.7753,51525.9
2024-08-14 09:14:00,12472.8,6.7739,51526.2
2024-08-14 09:15:00,12472.1,6.7731,51525.9
2024-08-14 09:16:00,12468.3,6.7683,51524.9
2024-08-14 09:17:00,12469.3,6.7654,51523.6
2024-08-14 09:18:00,12473.3,6.7659,51523.8
2024-08-14 09:19:00,12474.5,6.7677,51525.0
2024-08-14 09:20:00,12473.2,6.7662,51524.1
2024-08-14 09:21:00,12472.8,6.7658,51522.9
2024-08-14 09:22:00,12473.6,6.7619,51522.1
2024-08-14 09:23:00,12475.1,6.7561,51521.4
2024-08-14 09:24:00,12474.5,6.7549,51521.5
2024-08-14 09:25:00,12474.3,6.7553,51521.5
2024-08-14 09:26:00,12473.9,6.7549,51521.7
2024-08-14 09:27:00,12473.5,6.7539,51521.8
2024-08-14 09:28:00,12474.3,6.7524,51521.3
2024-08-14 09:29:00,12473.1,6.7528,51521.6
2024-08-14 09:30:00,12470.7,6.7559,51522.4
2024-08-14 09:31:00,12470.4,6.7569,51522.6
2024-08-14 09:32:00,12469.5,6.7636,51523.3
2024-08-14 09:33:00,12470.9,6.7611,51523.3
2024-08-14 09:34:00,12470.8,6.7577,51523.6
2024-08-14 09:35:00,12470.8,6.7614,51523.8
2024-08-14 09:36:00,12470.2,6.7545,51522.7
2024-08-14 09:37:00,12470.3,6.7517,51521.4
2024-08-14 09:38:00,12472.3,6.7485,51520.6
2024-08-14 09:39:00,12470.9,6.7478,51521.5
2024-08-14 09:40:00,12468.3,6.7516,51523.0
2024-08-14 09:41:00,12466.5,6.7574,51523.7
2024-08-14 09:42:00,12465.7,6.7569,51522.9
2024-08-14 09:43:00,12465.8,6.751,51521.8
2024-08-14 09:44:00,12468.6,6.7458,51521.3
2024-08-14 09:45:00,12470.4,6.7398,51520.4
2024-08-14 09:46:00,12471.9,6.7352,51520.0
2024-08-14 09:47:00,12473.5,6.7353,51520.1
2024-08-14 09:48:00,12473.8,6.7381,51519.8
2024-08-14 09:49:00,12473.4,6.739,51519.0
2024-08-14 09:50:00,12472.7,6.734,51519.2
2024-08-14 09:51:00,12474.7,6.7327,51519.7
2024-08-14 09:52:00,12476.8,6.734,51520.1
2024-08-14 09:53:00,12478.3,6.7358,51519.3
2024-08-14 09:54:00,12480.0,6.733,51518.5
2024-08-14 09:55:00,12479.1,6.7362,51518.9
2024-08-14 09:56:00,12477.5,6.7415,51519.5
2024-08-14 09:57:00,12478.0,6.7437,51518.5
2024-08-14 09:58:00,12479.3,6.7397,51517.5
2024-08-14 09:59:00,12479.5,6.7366,51517.0
2024-08-14 10:00:00,12480.2,6.7355,51516.3
2024-08-14 10:01:00,12479.7,6.7336,51516.4
2024-08-14 10:02:00,12479.8,6.7328,51515.9
2024-08-14 10:03:00,12480.5,6.7304,51515.0
2024-08-14 10:04:00,12483.1,6.7253,51514.1
2024-08-14 10:05:00,12484.5,6.7231,51514.3
2024-08-14 10:06:00,12485.6,6.7209,51514.3
2024-08-14 10:07:00,12486.9,6.7219,51514.1
2024-08-14 10:08:00,12486.4,6.7175,51513.3
2024-08-14 10:09:00,12485.7,6.7083,51512.6
2024-08-14 10:10:00,12486.4,6.7058,51513.3
2024-08-14 10:11:00,12485.7,6.7073,51514.0
2024-08-14 10:12:00,12485.2,6.7065,51513.1
2024-08-14 10:13:00,12484.2,6.7015,51512.7
2024-08-14 10:14:00,12484.1,6.6985,51513.6
2024-08-14 10:15:00,12485.5,6.7037,51515.1
2024-08-14 10:16:00,12485.3,6.7118,51516.2
2024-08-14 10:17:00,12483.9,6.7148,51515.8
2024-08-14 10:18:00,12484.8,6.7125,51514.5
2024-08-14 10:19:00,12485.8,6.7084,51514.4
2024-08-14 10:20:00,12483.7,6.7066,51514.5
2024-08-14 10:21:00,12482.0,6.7032,51513.6
2024-08-14 10:22:00,12479.6,6.6929,51512.6
2024-08-14 10:23:00,12480.7,6.685,51512.9
2024-08-14 10:24:00,12485.9,6.6881,51513.8
2024-08-14 10:25:00,12486.1,6.6962,51515.3
2024-08-14 10:26:00,12487.1,6.6961,51513.6
2024-08-14 10:27:00,12487.0,6.6942,51512.3
2024-08-14 10:28:00,12487.1,6.6887,51511.6
2024-08-14 10:29:00,12488.6,6.6801,51510.9
2024-08-14 10:30:00,12489.9,6.6787,51511.0
2024-08-14 10:31:00,12492.1,6.676,51510.0
2024-08-14 10:32:00,12494.7,6.6701,51508.6
2024-08-14 10:33:00,12495.2,6.6723,51510.0
2024-08-14 10:34:00,12487.1,6.6829,51513.5
2024-08-14 10:35:00,12482.2,6.6878,51513.3
2024-08-14 10:36:00,12481.6,6.6825,51512.2
2024-08-14 10:37:00,12483.9,6.6781,51511.6
2024-08-14 10:38:00,12485.3,6.6743,51510.6
2024-08-14 10:39:00,12482.9,6.6724,51510.9
2024-08-14 10:40:00,12483.0,6.67,51512.0
2024-08-14 10:41:00,12483.1,6.6757,51513.7
2024-08-14 10:42:00,12480.9,6.6812,51513.8
2024-08-14 10:43:00,12480.8,6.6747,51511.7
2024-08-14 10:44:00,12482.3,6.659,51509.5
2024-08-14 10:45:00,12483.7,6.6538,51510.3
2024-08-14 10:46:00,12481.1,6.6605,51512.8
2024-08-14 10:47:00,12481.0,6.6645,51512.7
2024-08-14 10:48:00,12483.4,6.6603,51510.9
2024-08-14 10:49:00,12484.0,6.655,51510.8
2024-08-14 10:50:00,12483.6,6.6531,51512.0
2024-08-14 10:51:00,12483.7,6.6582,51513.1
2024-08-14 10:52:00,12481.3,6.6651,51513.8
2024-08-14 10:53:00,12479.1,6.6614,51512.5
2024-08-14 10:54:00,12478.9,6.6519,51511.1
2024-08-14 10:55:00,12478.0,6.6416,51511.0
2024-08-14 10:56:00,12479.5,6.6381,51511.4
2024-08-14 10:57:00,12480.9,6.6418,51511.9
2024-08-14 10:58:00,12480.8,6.6421,51511.9
2024-08-14 10:59:00,12481.4,6.6411,51511.8
2024-08-14 11:00:00,12478.9,6.6436,51513.0
2024-08-14 11:01:00,12474.3,6.6457,51514.5
2024-08-14 11:02:00,12472.3,6.6441,51514.7
2024-08-14 11:03:00,12473.6,6.641,51514.1
2024-08-14 11:04:00,12473.4,6.6389,51514.2
2024-08-14 11:05:00,12471.5,6.6373,51514.7
2024-08-14 11:06:00,12471.3,6.6365,51515.2
2024-08-14 11:07:00,12471.8,6.6381,51515.7
2024-08-14 11:08:00,12472.8,6.6389,51516.0
2024-08-14 11:09:00,12472.9,6.6384,51516.0
2024-08-14 11:10:00,12473.5,6.6361,51515.7
2024-08-14 11:11:00,12476.2,6.6331,51514.8
2024-08-14 11:12:00,12476.7,6.6303,51514.1
2024-08-14 11:13:00,12474.7,6.6293,51513.9
2024-08-14 11:14:00,12473.4,6.6275,51513.7
2024-08-14 11:15:00,12472.9,6.6274,51514.6
2024-08-14 11:16:00,12471.4,6.6278,51515.1
2024-08-14 11:17:00,12470.7,6.6245,51514.7
2024-08-14 11:18:00,12473.2,6.6208,51514.4
2024-08-14 11:19:00,12473.0,6.6233,51515.7
2024-08-14 11:20:00,12470.5,6.6229,51517.0
2024-08-14 11:21:00,12470.0,6.6235,51516.9
2024-08-14 11:22:00,12471.1,6.6231,51517.5
2024-08-14 11:23:00,12471.7,6.6236,51517.7
2024-08-14 11:24:00,12471.4,6.6256,51517.8
2024-08-14 11:25:00,12470.9,6.6275,51517.8
2024-08-14 11:26:00,12469.6,6.6253,51517.6
2024-08-14 11:27:00,12465.7,6.6228,51517.7
2024-08-14 11:28:00,12466.9,6.6148,51516.7
2024-08-14 11:29:00,12471.6,6.6147,51516.5
2024-08-14 11:30:00,12473.3,6.6191,51517.7
2024-08-14 11:31:00,12473.2,6.6239,51517.5
2024-08-14 11:32:00,12473.1,6.6244,51516.9
2024-08-14 11:33:00,12473.2,6.6241,51516.4
2024-08-14 11:34:00,12472.9,6.6142,51515.4
2024-08-14 11:35:00,12474.9,6.6126,51514.7
2024-08-14 11:36:00,12474.0,6.6129,51516.0
2024-08-14 11:37:00,12471.8,6.6158,51517.1
2024-08-14 11:38:00,12471.2,6.6166,51516.9
2024-08-14 11:39:00,12470.6,6.6151,51517.4
2024-08-14 11:40:00,12470.9,6.6126,51517.4
2024-08-14 11:41:00,12471.8,6.61,51516.9
2024-08-14 11:42:00,12474.7,6.6125,51516.7
2024-08-14 11:43:00,12474.1,6.6135,51516.7
2024-08-14 11:44:00,12474.4,6.6116,51515.7
2024-08-14 11:45:00,12474.0,6.6114,51515.6
2024-08-14 11:46:00,12472.5,6.6108,51515.8
2024-08-14 11:47:00,12471.5,6.6051,51515.7
2024-08-14 11:48:00,12473.0,6.5987,51515.8
2024-08-14 11:49:00,12474.6,6.5979,51516.4
2024-08-14 11:50:00,12473.4,6.5984,51517.3
2024-08-14 11:51:00,12473.3,6.5991,51517.5
2024-08-14 11:52:00,12473.6,6.595,51517.3
2024-08-14 11:53:00,12475.8,6.5941,51517.0
2024-08-14 11:54:00,12478.4,6.5954,51516.9
2024-08-14 11:55:00,12477.6,6.5968,51516.9
2024-08-14 11:56:00,12476.6,6.5956,51516.3
2024-08-14 11:57:00,12478.0,6.5907,51516.0
2024-08-14 11:58:00,12479.2,6.5894,51516.1
2024-08-14 11:59:00,12478.0,6.5898,51516.6
2024-08-14 12:00:00,12477.3,6.59,51516.9
2024-08-14 12:01:00,12477.8,6.5897,51516.8
2024-08-14 12:02:00,12477.8,6.5903,51517.1
2024-08-14 12:03:00,12477.2,6.5899,51517.4
2024-08-14 12:04:00,12478.3,6.588,51516.8
2024-08-14 12:05:00,12479.3,6.5884,51517.3
2024-08-14 12:06:00,12479.0,6.5894,51517.8
2024-08-14 12:07:00,12479.6,6.5887,51517.3
2024-08-14 12:08:00,12479.8,6.5858,51516.6
2024-08-14 12:09:00,12479.0,6.5841,51516.2
2024-08-14 12:10:00,12477.8,6.5825,51516.3
2024-08-14 12:11:00,12476.0,6.5812,51516.6
2024-08-14 12:12:00,12475.8,6.5828,51517.0
2024-08-14 12:13:00,12476.9,6.5802,51517.4
2024-08-14 12:14:00,12476.9,6.5797,51518.0
2024-08-14 12:15:00,12477.5,6.5822,51518.5
2024-08-14 12:16:00,12478.6,6.5804,51518.4
2024-08-14 12:17:00,12479.9,6.5805,51518.5
2024-08-14 12:18:00,12480.2,6.5805,51518.4
2024-08-14 12:19:00,12479.1,6.5826,51518.6
2024-08-14 12:20:00,12477.7,6.5817,51517.9
2024-08-14 12:21:00,12478.2,6.5786,51516.9
2024-08-14 12:22:00,12477.1,6.5772,51516.9
2024-08-14 12:23:00,12475.0,6.5771,51517.2
2024-08-14 12:24:00,12476.3,6.5766,51517.1
2024-08-14 12:25:00,12477.5,6.5755,51517.2
2024-08-14 12:26:00,12478.3,6.5728,51517.2
2024-08-14 12:27:00,12479.6,6.5731,51517.4
2024-08-14 12:28:00,12481.3,6.5746,51517.4
2024-08-14 12:29:00,12481.0,6.5755,51517.3
2024-08-14 12:30:00,12480.2,6.5743,51516.7
2024-08-14 12:31:00,12479.4,6.5722,51516.5
2024-08-14 12:32:00,12480.2,6.5692,51516.1
2024-08-14 12:33:00,12483.2,6.5668,51515.6
2024-08-14 12:34:00,12485.1,6.5653,51515.5
2024-08-14 12:35:00,12484.7,6.5686,51515.8
2024-08-14 12:36:00,12482.1,6.5705,51516.4
2024-08-14 12:37:00,12479.2,6.5688,51516.6
2024-08-14 12:38:00,12480.1,6.5639,51515.8
2024-08-14 12:39:00,12482.2,6.562,51515.3
2024-08-14 12:40:00,12481.5,6.5641,51516.3
2024-08-14 12:41:00,12482.7,6.5629,51515.8
2024-08-14 12:42:00,12485.1,6.5633,51514.8
2024-08-14 12:43:00,12485.8,6.564,51515.0
2024-08-14 12:44:00,12485.4,6.5643,51515.1
2024-08-14 12:45:00,12484.4,6.5691,51515.7
2024-08-14 12:46:00,12481.5,6.5695,51516.3
2024-08-14 12:47:00,12481.6,6.5673,51516.1
2024-08-14 12:48:00,12482.2,6.5712,51516.8
2024-08-14 12:49:00,12479.4,6.5754,51518.9
2024-08-14 12:50:00,12476.9,6.5734,51519.2
2024-08-14 12:51:00,12477.7,6.5646,51517.6
2024-08-14 12:52:00,12480.1,6.5616,51516.8
2024-08-14 12:53:00,12481.5,6.5619,51517.0
2024-08-14 12:54:00,12481.2,6.5593,51517.0
2024-08-14 12:55:00,12483.3,6.5552,51515.8
2024-08-14 12:56:00,12487.9,6.5527,51514.5
2024-08-14 12:57:00,12488.3,6.5579,51515.6
2024-08-14 12:58:00,12485.9,6.5643,51516.6
2024-08-14 12:59:00,12483.1,6.5714,51517.3
2024-08-14 13:00:00,12479.9,6.5747,51518.7
2024-08-14 13:01:00,12477.2,6.5753,51519.1
2024-08-14 13:02:00,12476.6,6.5743,51519.0
2024-08-14 13:03:00,12476.6,6.5717,51518.3
2024-08-14 13:04:00,12478.3,6.5679,51517.3
2024-08-14 13:05:00,12479.6,6.5651,51516.4
2024-08-14 13:06:00,12480.7,6.5632,51516.0
2024-08-14 13:07:00,12481.8,6.5597,51515.6
2024-08-14 13:08:00,12481.2,6.56,51516.2
2024-08-14 13:09:00,12479.8,6.5622,51517.2
2024-08-14 13:10:00,12479.8,6.5668,51517.7
2024-08-14 13:11:00,12480.6,6.566,51517.2
2024-08-14 13:12:00,12481.1,6.5632,51516.3
2024-08-14 13:13:00,12481.7,6.5609,51515.6
2024-08-14 13:14:00,12481.5,6.56,51515.8
2024-08-14 13:15:00,12481.2,6.5616,51515.8
2024-08-14 13:16:00,12480.7,6.5618,51515.9
2024-08-14 13:17:00,12479.4,6.5638,51516.2
2024-08-14 13:18:00,12478.4,6.5638,51516.8
2024-08-14 13:19:00,12478.8,6.5648,51517.1
2024-08-14 13:20:00,12477.9,6.5675,51517.3
2024-08-14 13:21:00,12477.1,6.5672,51516.9
2024-08-14 13:22:00,12476.7,6.5669,51516.5
2024-08-14 13:23:00,12477.0,6.5638,51516.0
2024-08-14 13:24:00,12476.3,6.5624,51516.3
2024-08-14 13:25:00,12476.3,6.5618,51516.2
2024-08-14 13:26:00,12475.9,6.5611,51515.9
2024-08-14 13:27:00,12476.3,6.5581,51515.9
2024-08-14 13:28:00,12477.4,6.5544,51515.5
2024-08-14 13:29:00,12479.4,6.5505,51514.9
2024-08-14 13:30:00,12480.6,6.5487,51514.6
2024-08-14 13:31:00,12481.1,6.5489,51514.1
2024-08-14 13:32:00,12482.5,6.5482,51513.3
2024-08-14 13:33:00,12484.1,6.5471,51512.7
2024-08-14 13:34:00,12483.7,6.5457,51512.2
2024-08-14 13:35:00,12483.8,6.5416,51511.4
2024-08-14 13:36:00,12485.3,6.5373,51510.6
2024-08-14 13:37:00,12487.2,6.5374,51510.6
2024-08-14 13:38:00,12488.0,6.5409,51511.4
2024-08-14 13:39:00,12487.9,6.5457,51512.2
2024-08-14 13:40:00,12488.1,6.5481,51512.5
2024-08-14 13:41:00,12487.6,6.5531,51513.8
2024-08-14 13:42:00,12485.2,6.556,51514.7
2024-08-14 13:43:00,12482.0,6.56,51515.6
2024-08-14 13:44:00,12478.9,6.5621,51516.6
2024-08-14 13:45:00,12475.3,6.5661,51517.9
2024-08-14 13:46:00,12474.2,6.5604,51517.7
2024-08-14 13:47:00,12479.1,6.5535,51515.8
2024-08-14 13:48:00,12484.4,6.5484,51514.9
2024-08-14 13:49:00,12489.6,6.5473,51514.7
2024-08-14 13:50:00,12493.3,6.551,51514.6
2024-08-14 13:51:00,12493.2,6.5532,51515.2
2024-08-14 13:52:00,12493.3,6.5499,51514.9
2024-08-14 13:53:00,12494.1,6.5448,51514.6
2024-08-14 13:54:00,12495.4,6.5379,51514.1
2024-08-14 13:55:00,12497.1,6.5357,51513.9
2024-08-14 13:56:00,12498.8,6.537,51514.0
2024-08-14 13:57:00,12500.9,6.5373,51513.5
2024-08-14 13:58:00,12502.5,6.5361,51512.6
2024-08-14 13:59:00,12504.2,6.5314,51511.7
2024-08-14 14:00:00,12506.4,6.5244,51510.5
2024-08-14 14:01:00,12507.1,6.5211,51510.5
2024-08-14 14:02:00,12508.1,6.5203,51510.9
2024-08-14 14:03:00,12509.5,6.5217,51511.1
2024-08-14 14:04:00,12510.6,6.52,51510.9
2024-08-14 14:05:00,12511.8,6.5177,51510.9
2024-08-14 14:06:00,12513.7,6.5167,51511.3
2024-08-14 14:07:00,12515.2,6.519,51512.1
2024-08-14 14:08:00,12515.9,6.5187,51512.2
2024-08-14 14:09:00,12515.9,6.5193,51512.3
2024-08-14 14:10:00,12516.4,6.5175,51512.4
2024-08-14 14:11:00,12517.0,6.5185,51512.3
2024-08-14 14:12:00,12518.8,6.5182,51512.7
2024-08-14 14:13:00,12520.7,6.5206,51512.9
2024-08-14 14:14:00,12521.6,6.5217,51513.9
2024-08-14 14:15:00,12521.8,6.5221,51514.2
2024-08-14 14:16:00,12522.5,6.5246,51514.9
2024-08-14 14:17:00,12521.8,6.5267,51515.9
2024-08-14 14:18:00,12521.6,6.5298,51516.7
2024-08-14 14:19:00,12520.9,6.5341,51517.3
2024-08-14 14:20:00,12518.1,6.5376,51517.9
2024-08-14 14:21:00,12515.6,6.5395,51518.7
2024-08-14 14:22:00,12516.7,6.5344,51518.4
2024-08-14 14:23:00,12518.7,6.5306,51518.1
2024-08-14 14:24:00,12519.3,6.5305,51518.6
2024-08-14 14:25:00,12519.4,6.5301,51519.0
2024-08-14 14:26:00,12520.1,6.5318,51519.9
2024-08-14 14:27:00,12519.0,6.5318,51520.7
2024-08-14 14:28:00,12521.4,6.5292,51520.5
2024-08-14 14:29:00,12522.6,6.5283,51520.2
2024-08-14 14:30:00,12522.0,6.5311,51521.2
2024-08-14 14:31:00,12521.4,6.5348,51521.8
2024-08-14 14:32:00,12520.5,6.5358,51522.2
2024-08-14 14:33:00,12522.1,6.5315,51521.6
2024-08-14 14:34:00,12523.6,6.5346,51521.5
2024-08-14 14:35:00,12521.6,6.5436,51523.5
2024-08-14 14:36:00,12517.7,6.5511,51525.3
2024-08-14 14:37:00,12514.4,6.5562,51526.5
2024-08-14 14:38:00,12511.6,6.5599,51527.5
2024-08-14 14:39:00,12510.0,6.5614,51528.7
2024-08-14 14:40:00,12509.3,6.5622,51529.1
2024-08-14 14:41:00,12510.0,6.5595,51528.9
2024-08-14 14:42:00,12512.3,6.5556,51528.5
2024-08-14 14:43:00,12515.4,6.5518,51527.6
2024-08-14 14:44:00,12517.9,6.5506,51526.9
2024-08-14 14:45:00,12519.7,6.5486,51526.3
2024-08-14 14:46:00,12522.4,6.5481,51526.2
2024-08-14 14:47:00,12523.2,6.5514,51526.4
2024-08-14 14:48:00,12521.4,6.5556,51527.4
2024-08-14 14:49:00,12518.6,6.5587,51528.2
2024-08-14 14:50:00,12517.4,6.5616,51528.9
2024-08-14 14:51:00,12518.3,6.5621,51529.1
2024-08-14 14:52:00,12517.3,6.5637,51529.5
2024-08-14 14:53:00,12516.6,6.5664,51530.2
2024-08-14 14:54:00,12516.8,6.5664,51530.2
2024-08-14 14:55:00,12519.5,6.5619,51530.3
2024-08-14 14:56:00,12522.4,6.5611,51530.0
2024-08-14 14:57:00,12521.5,6.5677,51531.1
2024-08-14 14:58:00,12517.4,6.5734,51533.0
2024-08-14 14:59:00,12514.6,6.5742,51533.2
2024-08-14 15:00:00,12514.6,6.5726,51533.4
2024-08-14 15:01:00,12515.8,6.5709,51533.7
2024-08-14 15:02:00,12517.9,6.57,51533.4
2024-08-14 15:03:00,12519.2,6.5727,51533.6
2024-08-14 15:04:00,12518.0,6.5767,51534.2
2024-08-14 15:05:00,12516.5,6.5778,51534.9
2024-08-14 15:06:00,12517.3,6.5761,51534.9
2024-08-14 15:07:00,12519.1,6.5722,51534.8
2024-08-14 15:08:00,12521.0,6.5701,51534.4
2024-08-14 15:09:00,12520.6,6.5694,51534.6
2024-08-14 15:10:00,12520.6,6.5708,51535.1
2024-08-14 15:11:00,12520.9,6.5741,51535.4
2024-08-14 15:12:00,12520.1,6.5786,51536.2
2024-08-14 15:13:00,12519.0,6.5782,51536.7
2024-08-14 15:14:00,12519.3,6.5765,51536.8
2024-08-14 15:15:00,12520.8,6.5745,51536.8
2024-08-14 15:16:00,12521.8,6.5723,51536.5
2024-08-14 15:17:00,12522.9,6.5716,51536.6
2024-08-14 15:18:00,12524.8,6.5727,51536.9
2024-08-14 15:19:00,12524.4,6.5754,51537.6
2024-08-14 15:20:00,12524.6,6.575,51537.8
2024-08-14 15:21:00,12526.2,6.5714,51537.2
2024-08-14 15:22:00,12526.2,6.5693,51537.1
2024-08-14 15:23:00,12526.0,6.5686,51537.4
2024-08-14 15:24:00,12526.0,6.5685,51537.6
2024-08-14 15:25:00,12525.5,6.5718,51538.0
2024-08-14 15:26:00,12523.6,6.5737,51538.7
2024-08-14 15:27:00,12523.2,6.5725,51539.0
2024-08-14 15:28:00,12521.8,6.5733,51539.2
2024-08-14 15:29:00,12521.2,6.5729,51539.4
2024-08-14 15:30:00,12522.9,6.5666,51538.5
2024-08-14 15:31:00,12524.8,6.5646,51537.9
2024-08-14 15:32:00,12527.1,6.5622,51537.1
2024-08-14 15:33:00,12529.7,6.5627,51537.0
2024-08-14 15:34:00,12532.6,6.5636,51536.8
2024-08-14 15:35:00,12532.7,6.5683,51537.2
2024-08-14 15:36:00,12529.7,6.5702,51538.1
2024-08-14 15:37:00,12529.3,6.5662,51537.7
2024-08-14 15:38:00,12530.7,6.5622,51536.8
2024-08-14 15:39:00,12531.3,6.5605,51536.9
2024-08-14 15:40:00,12532.1,6.56,51537.5
2024-08-14 15:41:00,12533.2,6.5618,51537.4
2024-08-14 15:42:00,12534.8,6.5637,51537.8
2024-08-14 15:43:00,12534.9,6.5672,51538.6
2024-08-14 15:44:00,12533.2,6.5709,51539.8
2024-08-14 15:45:00,12531.6,6.5723,51540.4
2024-08-14 15:46:00,12531.2,6.5699,51540.4
2024-08-14 15:47:00,12532.1,6.5668,51540.3
2024-08-14 15:48:00,12532.8,6.5659,51540.6
2024-08-14 15:49:00,12532.1,6.569,51541.6
2024-08-14 15:50:00,12531.7,6.5721,51542.4
2024-08-14 15:51:00,12531.5,6.5728,51542.8
2024-08-14 15:52:00,12531.3,6.5731,51542.8
2024-08-14 15:53:00,12532.0,6.574,51543.1
2024-08-14 15:54:00,12531.4,6.5751,51543.3
2024-08-14 15:55:00,12531.3,6.576,51543.8
2024-08-14 15:56:00,12531.2,6.5773,51544.1
2024-08-14 15:57:00,12530.3,6.5792,51544.8
2024-08-14 15:58:00,12528.4,6.5809,51545.6
2024-08-14 15:59:00,12525.3,6.5804,51545.7
2024-08-14 16:00:00,12522.8,6.585,51546.0
2024-08-14 16:01:00,12523.3,6.5855,51546.0
2024-08-14 16:02:00,12526.0,6.5841,51545.8
2024-08-14 16:03:00,12524.9,6.5864,51546.8
2024-08-14 16:04:00,12520.5,6.5915,51548.3
2024-08-14 16:05:00,12517.0,6.597,51549.0
2024-08-14 16:06:00,12516.6,6.5995,51549.2
2024-08-14 16:07:00,12516.6,6.5996,51549.8
2024-08-14 16:08:00,12516.3,6.6022,51550.7
2024-08-14 16:09:00,12513.6,6.6062,51551.3
2024-08-14 16:10:00,12512.3,6.6079,51551.8
2024-08-14 16:11:00,12513.0,6.6065,51551.9
2024-08-14 16:12:00,12512.7,6.6085,51552.0
2024-08-14 16:13:00,12510.8,6.6123,51552.5
2024-08-14 16:14:00,12512.7,6.61,51551.9
2024-08-14 16:15:00,12514.5,6.6069,51551.2
2024-08-14 16:16:00,12513.7,6.6059,51551.5
2024-08-14 16:17:00,12512.6,6.6049,51551.6
2024-08-14 16:18:00,12514.5,6.6013,51550.7
2024-08-14 16:19:00,12517.8,6.5977,51549.7
2024-08-14 16:20:00,12521.1,6.5948,51549.3
2024-08-14 16:21:00,12522.4,6.5961,51549.4
2024-08-14 16:22:00,12522.3,6.5971,51549.7
2024-08-14 16:23:00,12522.0,6.6,51550.3
2024-08-14 16:24:00,12521.9,6.6015,51550.8
2024-08-14 16:25:00,12522.0,6.6009,51551.0
2024-08-14 16:26:00,12522.8,6.5969,51550.3
2024-08-14 16:27:00,12523.8,6.5961,51549.8
2024-08-14 16:28:00,12523.9,6.5971,51549.9
2024-08-14 16:29:00,12524.1,6.6014,51550.3
2024-08-14 16:30:00,12524.6,6.6081,51551.5
2024-08-14 16:31:00,12524.3,6.6164,51553.0
2024-08-14 16:32:00,12522.1,6.6227,51554.8
2024-08-14 16:33:00,12520.3,6.6262,51556.2
2024-08-14 16:34:00,12517.6,6.6268,51556.7
2024-08-14 16:35:00,12515.4,6.6262,51557.1
2024-08-14 16:36:00,12514.7,6.6255,51557.3
2024-08-14 16:37:00,12515.1,6.6256,51557.1
2024-08-14 16:38:00,12515.3,6.626,51556.9
2024-08-14 16:39:00,12516.5,6.6261,51556.9
2024-08-14 16:40:00,12516.9,6.626,51557.0
2024-08-14 16:41:00,12516.9,6.6271,51556.8
2024-08-14 16:42:00,12516.8,6.6273,51556.4
2024-08-14 16:43:00,12516.0,6.6276,51556.3
2024-08-14 16:44:00,12515.6,6.626,51556.1
2024-08-14 16:45:00,12515.6,6.6275,51555.9
2024-08-14 16:46:00,12516.0,6.6262,51555.6
2024-08-14 16:47:00,12515.9,6.6213,51554.7
2024-08-14 16:48:00,12516.5,6.6149,51553.2
2024-08-14 16:49:00,12518.4,6.6105,51551.5
2024-08-14 16:50:00,12520.8,6.6084,51550.3
2024-08-14 16:51:00,12523.4,6.6052,51549.4
2024-08-14 16:52:00,12525.8,6.6035,51548.5
2024-08-14 16:53:00,12527.0,6.6026,51548.0
2024-08-14 16:54:00,12525.7,6.6026,51548.0
2024-08-14 16:55:00,12523.5,6.6029,51548.0
2024-08-14 16:56:00,12522.2,6.602,51547.6
2024-08-14 16:57:00,12523.6,6.5992,51546.7
2024-08-14 16:58:00,12526.8,6.6005,51546.2
2024-08-14 16:59:00,12529.1,6.603,51546.4
2024-08-14 17:00:00,12528.7,6.6087,51547.1
2024-08-14 17:01:00,12526.7,6.6124,51547.9
2024-08-14 17:02:00,12524.6,6.6159,51548.6
2024-08-14 17:03:00,12521.8,6.6171,51548.8
2024-08-14 17:04:00,12519.9,6.6173,51549.1
2024-08-14 17:05:00,12518.2,6.6168,51548.7
2024-08-14 17:06:00,12517.7,6.6158,51548.4
2024-08-14 17:07:00,12518.4,6.6145,51548.0
2024-08-14 17:08:00,12518.4,6.6141,51547.9
2024-08-14 17:09:00,12516.7,6.6164,51548.6
2024-08-14 17:10:00,12514.9,6.6195,51548.5
2024-08-14 17:11:00,12514.5,6.6225,51547.7
2024-08-14 17:12:00,12516.5,6.6199,51547.2
2024-08-14 17:13:00,12510.8,6.6218,51548.5
2024-08-14 17:14:00,12502.8,6.6296,51550.3
2024-08-14 17:15:00,12502.7,6.6367,51549.4
2024-08-14 17:16:00,12509.7,6.6341,51547.8
2024-08-14 17:17:00,12510.8,6.6307,51548.2
2024-08-14 17:18:00,12505.4,6.6351,51549.8
2024-08-14 17:19:00,12505.3,6.6376,51549.3
2024-08-14 17:20:00,12510.1,6.6398,51547.7
2024-08-14 17:21:00,12513.8,6.6368,51547.4
2024-08-14 17:22:00,12513.8,6.6342,51547.5
2024-08-14 17:23:00,12513.8,6.6362,51547.0
2024-08-14 17:24:00,12515.4,6.637,51546.5
2024-08-14 17:25:00,12517.5,6.6354,51546.2
2024-08-14 17:26:00,12517.8,6.6325,51545.6
2024-08-14 17:27:00,12518.9,6.6303,51544.7
2024-08-14 17:28:00,12522.3,6.629,51544.2
2024-08-14 17:29:00,12525.5,6.627,51543.4
2024-08-14 17:30:00,12526.9,6.6266,51542.8
2024-08-14 17:31:00,12527.3,6.6277,51542.7
2024-08-14 17:32:00,12527.8,6.6287,51542.7
2024-08-14 17:33:00,12528.5,6.6264,51542.5
2024-08-14 17:34:00,12527.8,6.6254,51542.6
2024-08-14 17:35:00,12526.8,6.626,51542.9
2024-08-14 17:36:00,12526.6,6.6271,51543.0
2024-08-14 17:37:00,12526.9,6.6258,51543.1
2024-08-14 17:38:00,12526.8,6.6248,51543.0
2024-08-14 17:39:00,12525.6,6.627,51543.4
2024-08-14 17:40:00,12525.0,6.629,51543.4
2024-08-14 17:41:00,12525.0,6.6301,51543.3
2024-08-14 17:42:00,12525.1,6.6301,51542.9
2024-08-14 17:43:00,12526.0,6.6328,51542.8
2024-08-14 17:44:00,12527.6,6.6336,51542.7
2024-08-14 17:45:00,12527.5,6.6335,51542.4
2024-08-14 17:46:00,12527.3,6.6325,51541.5
2024-08-14 17:47:00,12530.7,6.6266,51539.4
2024-08-14 17:48:00,12535.7,6.6204,51537.1
2024-08-14 17:49:00,12539.2,6.6154,51535.5
2024-08-14 17:50:00,12540.9,6.6147,51534.7
2024-08-14 17:51:00,12540.0,6.6155,51534.2
2024-08-14 17:52:00,12539.2,6.6155,51534.0
2024-08-14 17:53:00,12539.2,6.6153,51533.6
2024-08-14 17:54:00,12540.3,6.6135,51532.8
2024-08-14 17:55:00,12541.4,6.6099,51532.2
2024-08-14 17:56:00,12542.7,6.6058,51531.7
2024-08-14 17:57:00,12542.5,6.6053,51531.2
2024-08-14 17:58:00,12540.9,6.6062,51530.8
2024-08-14 17:59:00,12540.5,6.6059,51530.6
2024-08-14 18:00:00,12540.1,6.6045,51530.1
2024-08-14 18:01:00,12540.3,6.6037,51529.7
2024-08-14 18:02:00,12540.5,6.6036,51529.4
2024-08-14 18:03:00,12540.6,6.6038,51528.8
2024-08-14 18:04:00,12540.6,6.6012,51528.1
2024-08-14 18:05:00,12539.7,6.5984,51527.4
2024-08-14 18:06:00,12539.3,6.5949,51526.8
2024-08-14 18:07:00,12538.8,6.5931,51526.2
2024-08-14 18:08:00,12538.0,6.5906,51525.6
2024-08-14 18:09:00,12536.6,6.5897,51525.0
2024-08-14 18:10:00,12535.2,6.5916,51525.1
2024-08-14 18:11:00,12533.5,6.5936,51525.3
2024-08-14 18:12:00,12531.4,6.595,51525.5
2024-08-14 18:13:00,12529.0,6.5941,51525.2
2024-08-14 18:14:00,12527.3,6.5929,51524.9
2024-08-14 18:15:00,12526.2,6.5915,51524.4
2024-08-14 18:16:00,12524.2,6.5905,51523.9
2024-08-14 18:17:00,12522.3,6.5904,51523.6
2024-08-14 18:18:00,12522.5,6.5902,51523.1
2024-08-14 18:19:00,12523.0,6.5907,51522.8
2024-08-14 18:20:00,12522.8,6.5919,51522.3
2024-08-14 18:21:00,12522.0,6.5924,51522.3
2024-08-14 18:22:00,12521.1,6.5926,51522.2
2024-08-14 18:23:00,12520.2,6.5909,51522.3
2024-08-14 18:24:00,12518.8,6.591,51522.4
2024-08-14 18:25:00,12517.4,6.5917,51522.5
2024-08-14 18:26:00,12516.8,6.593,51522.3
2024-08-14 18:27:00,12516.1,6.5929,51521.7
2024-08-14 18:28:00,12515.2,6.5919,51520.8
2024-08-14 18:29:00,12514.5,6.5914,51520.3
2024-08-14 18:30:00,12513.6,6.5906,51520.0
2024-08-14 18:31:00,12512.6,6.5899,51519.8
2024-08-14 18:32:00,12512.1,6.5901,51519.7
2024-08-14 18:33:00,12511.4,6.5917,51519.5
2024-08-14 18:34:00,12510.7,6.5933,51519.8
2024-08-14 18:35:00,12510.4,6.5938,51519.9
2024-08-14 18:36:00,12510.6,6.593,51520.0
2024-08-14 18:37:00,12510.1,6.5938,51520.3
2024-08-14 18:38:00,12509.1,6.5962,51520.7
2024-08-14 18:39:00,12508.1,6.5986,51521.2
2024-08-14 18:40:00,12507.7,6.599,51521.5
2024-08-14 18:41:00,12507.4,6.5979,51521.2
2024-08-14 18:42:00,12507.3,6.5973,51521.1
2024-08-14 18:43:00,12507.1,6.5966,51521.2
2024-08-14 18:44:00,12507.2,6.5997,51521.1
2024-08-14 18:45:00,12507.7,6.6017,51521.3
2024-08-14 18:46:00,12507.7,6.603,51521.2
2024-08-14 18:47:00,12508.1,6.6029,51521.1
2024-08-14 18:48:00,12508.4,6.6015,51520.8
2024-08-14 18:49:00,12508.6,6.6012,51520.3
2024-08-14 18:50:00,12509.6,6.5989,51519.8
2024-08-14 18:51:00,12510.2,6.5973,51519.4
2024-08-14 18:52:00,12510.1,6.5961,51519.2
2024-08-14 18:53:00,12510.4,6.5966,51519.3
2024-08-14 18:54:00,12511.4,6.5965,51519.1
2024-08-14 18:55:00,12512.1,6.5966,51518.4
2024-08-14 18:56:00,12512.8,6.596,51518.0
2024-08-14 18:57:00,12512.9,6.5956,51517.1
2024-08-14 18:58:00,12512.3,6.5954,51516.7
2024-08-14 18:59:00,12511.7,6.5957,51516.8
2024-08-14 19:00:00,12511.0,6.5946,51516.8
2024-08-14 19:01:00,12510.3,6.5932,51516.6
2024-08-14 19:02:00,12510.3,6.5895,51516.2
2024-08-14 19:03:00,12511.5,6.5851,51515.5
2024-08-14 19:04:00,12512.8,6.5827,51514.4
2024-08-14 19:05:00,12513.3,6.58,51513.6
2024-08-14 19:06:00,12513.3,6.5776,51513.2
2024-08-14 19:07:00,12513.2,6.5764,51512.6
2024-08-14 19:08:00,12512.5,6.5764,51512.6
2024-08-14 19:09:00,12511.2,6.5761,51512.5
2024-08-14 19:10:00,12510.0,6.5763,51512.8
2024-08-14 19:11:00,12508.8,6.576,51513.0
2024-08-14 19:12:00,12508.0,6.5767,51513.2
2024-08-14 19:13:00,12507.5,6.5788,51513.4
2024-08-14 19:14:00,12506.8,6.5792,51513.7
2024-08-14 19:15:00,12506.8,6.5781,51513.6
2024-08-14 19:16:00,12506.6,6.5766,51512.8
2024-08-14 19:17:00,12506.3,6.5741,51511.9
2024-08-14 19:18:00,12506.6,6.5733,51511.1
2024-08-14 19:19:00,12506.8,6.5718,51510.8
2024-08-14 19:20:00,12507.0,6.5704,51510.0
2024-08-14 19:21:00,12506.8,6.5684,51509.6
2024-08-14 19:22:00,12506.3,6.5681,51509.3
2024-08-14 19:23:00,12505.5,6.5693,51509.2
2024-08-14 19:24:00,12504.4,6.5713,51509.9
2024-08-14 19:25:00,12504.0,6.5734,51510.5
2024-08-14 19:26:00,12503.9,6.5746,51511.0
2024-08-14 19:27:00,12503.4,6.5766,51511.6
2024-08-14 19:28:00,12503.1,6.5802,51512.0
2024-08-14 19:29:00,12503.0,6.5821,51512.3
2024-08-14 19:30:00,12504.2,6.5817,51512.4
2024-08-14 19:31:00,12504.8,6.5819,51512.4
2024-08-14 19:32:00,12504.6,6.5834,51512.0
2024-08-14 19:33:00,12504.0,6.5841,51512.1
2024-08-14 19:34:00,12503.4,6.5854,51512.3
2024-08-14 19:35:00,12502.7,6.5871,51512.5
2024-08-14 19:36:00,12502.0,6.5886,51512.6
2024-08-14 19:37:00,12501.4,6.5903,51513.1
2024-08-14 19:38:00,12500.9,6.5925,51513.4
2024-08-14 19:39:00,12500.8,6.5948,51513.6
2024-08-14 19:40:00,12501.4,6.5937,51513.6
2024-08-14 19:41:00,12502.3,6.5923,51513.2
2024-08-14 19:42:00,12503.1,6.5903,51512.6
2024-08-14 19:43:00,12504.5,6.588,51511.6
2024-08-14 19:44:00,12505.9,6.5857,51510.8
2024-08-14 19:45:00,12506.7,6.5832,51510.1
2024-08-14 19:46:00,12506.1,6.5814,51509.3
2024-08-14 19:47:00,12505.3,6.5798,51509.1
2024-08-14 19:48:00,12504.6,6.5794,51508.9
2024-08-14 19:49:00,12503.6,6.5806,51508.9
2024-08-14 19:50:00,12502.4,6.5813,51508.9
2024-08-14 19:51:00,12501.3,6.582,51509.2
2024-08-14 19:52:00,12500.5,6.5828,51509.7
2024-08-14 19:53:00,12500.3,6.5833,51509.9
2024-08-14 19:54:00,12500.6,6.5829,51509.8
2024-08-14 19:55:00,12501.2,6.5815,51509.8
2024-08-14 19:56:00,12501.5,6.5825,51509.8
2024-08-14 19:57:00,12501.5,6.5824,51509.8
2024-08-14 19:58:00,12501.5,6.5837,51509.5
2024-08-14 19:59:00,12501.4,6.5844,51509.5
2024-08-14 20:00:00,12501.3,6.5863,51509.7
2024-08-14 20:01:00,12501.2,6.5876,51509.7
2024-08-14 20:02:00,12501.2,6.5897,51509.9
2024-08-14 20:03:00,12501.8,6.5909,51509.9
2024-08-14 20:04:00,12502.5,6.5896,51509.6
2024-08-14 20:05:00,12502.7,6.5874,51509.1
2024-08-14 20:06:00,12502.6,6.5844,51508.4
2024-08-14 20:07:00,12502.3,6.5813,51508.1
2024-08-14 20:08:00,12501.9,6.579,51507.5
2024-08-14 20:09:00,12500.2,6.58,51507.2
2024-08-14 20:10:00,12499.3,6.5797,51507.1
2024-08-14 20:11:00,12499.3,6.5807,51507.1
2024-08-14 20:12:00,12499.7,6.5802,51506.9
2024-08-14 20:13:00,12500.1,6.5834,51507.5
2024-08-14 20:14:00,12501.1,6.5836,51507.8
2024-08-14 20:15:00,12501.9,6.5824,51507.6
2024-08-14 20:16:00,12502.5,6.5809,51507.0
2024-08-14 20:17:00,12502.7,6.5804,51506.4
2024-08-14 20:18:00,12503.1,6.5784,51506.0
2024-08-14 20:19:00,12503.5,6.5761,51505.6
2024-08-14 20:20:00,12504.0,6.5746,51505.0
2024-08-14 20:21:00,12504.5,6.5746,51504.5
2024-08-14 20:22:00,12505.3,6.5737,51504.0
2024-08-14 20:23:00,12506.2,6.5723,51503.6
2024-08-14 20:24:00,12506.5,6.5709,51503.3
2024-08-14 20:25:00,12507.0,6.5707,51503.2
2024-08-14 20:26:00,12507.3,6.5723,51503.4
2024-08-14 20:27:00,12507.6,6.5733,51503.2
2024-08-14 20:28:00,12507.7,6.5729,51503.5
2024-08-14 20:29:00,12507.4,6.5732,51503.6
2024-08-14 20:30:00,12506.9,6.5735,51503.7
2024-08-14 20:31:00,12506.4,6.5738,51503.9
2024-08-14 20:32:00,12506.5,6.5728,51503.8
2024-08-14 20:33:00,12506.3,6.5723,51503.7
2024-08-14 20:34:00,12506.1,6.5709,51503.6
2024-08-14 20:35:00,12506.0,6.5704,51503.5
2024-08-14 20:36:00,12505.5,6.5708,51503.2
2024-08-14 20:37:00,12505.1,6.5698,51503.2
2024-08-14 20:38:00,12504.5,6.5683,51503.0
2024-08-14 20:39:00,12503.7,6.569,51502.7
2024-08-14 20:40:00,12502.9,6.5709,51502.6
2024-08-14 20:41:00,12501.8,6.5738,51502.9
2024-08-14 20:42:00,12501.1,6.5782,51503.5
2024-08-14 20:43:00,12500.9,6.5827,51504.6
2024-08-14 20:44:00,12502.1,6.5867,51505.4
2024-08-14 20:45:00,12504.7,6.5874,51505.9
2024-08-14 20:46:00,12507.3,6.5837,51505.4
2024-08-14 20:47:00,12508.1,6.5806,51504.8
2024-08-14 20:48:00,12508.4,6.578,51504.3
2024-08-14 20:49:00,12508.0,6.5757,51503.5
2024-08-14 20:50:00,12507.5,6.5728,51502.9
2024-08-14 20:51:00,12506.6,6.5708,51502.4
2024-08-14 20:52:00,12505.9,6.5693,51501.8
2024-08-14 20:53:00,12505.2,6.5651,51500.9
2024-08-14 20:54:00,12504.4,6.5641,51500.4
2024-08-14 20:55:00,12504.4,6.5666,51500.4
2024-08-14 20:56:00,12504.3,6.5702,51500.5
2024-08-14 20:57:00,12504.6,6.5739,51501.0
2024-08-14 20:58:00,12506.7,6.5741,51501.1
2024-08-14 20:59:00,12508.2,6.5611,51499.6
2024-08-14 21:00:00,12505.8,6.5482,51497.1
2024-08-14 21:01:00,12501.7,6.5478,51495.8
2024-08-14 21:02:00,12498.4,6.5627,51496.9
2024-08-14 21:03:00,12498.6,6.5826,51499.2
2024-08-14 21:04:00,12500.7,6.5994,51502.3
2024-08-14 21:05:00,12502.8,6.6109,51505.3
2024-08-14 21:06:00,12503.6,6.6155,51507.4
2024-08-14 21:07:00,12503.6,6.6173,51508.7
2024-08-14 21:08:00,12503.1,6.6145,51508.7
2024-08-14 21:09:00,12503.4,6.6105,51507.7
2024-08-14 21:10:00,12505.3,6.6041,51505.7
2024-08-14 21:11:00,12507.2,6.5944,51503.6
2024-08-14 21:12:00,12507.5,6.5861,51502.0
2024-08-14 21:13:00,12506.4,6.5827,51501.7
2024-08-14 21:14:00,12505.7,6.5817,51501.9
2024-08-14 21:15:00,12505.7,6.5811,51501.8
2024-08-14 21:16:00,12505.2,6.5776,51501.6
2024-08-14 21:17:00,12504.7,6.578,51501.4
2024-08-14 21:18:00,12504.8,6.576,51501.0
2024-08-14 21:19:00,12505.2,6.5725,51500.3
2024-08-14 21:20:00,12505.3,6.5722,51500.0
2024-08-14 21:21:00,12506.2,6.5705,51499.6
2024-08-14 21:22:00,12506.7,6.5685,51498.6
2024-08-14 21:23:00,12506.1,6.5652,51497.6
2024-08-14 21:24:00,12505.4,6.5615,51496.9
2024-08-14 21:25:00,12504.6,6.5582,51495.9
2024-08-14 21:26:00,12503.7,6.5559,51495.6
2024-08-14 21:27:00,12503.0,6.5494,51494.8
2024-08-14 21:28:00,12501.7,6.5461,51494.1
2024-08-14 21:29:00,12500.8,6.5427,51493.1
2024-08-14 21:30:00,12499.9,6.5412,51492.3
2024-08-14 21:31:00,12498.0,6.5418,51491.8
2024-08-14 21:32:00,12497.1,6.543,51491.9
2024-08-14 21:33:00,12496.0,6.5435,51492.1
2024-08-14 21:34:00,12496.3,6.5456,51492.7
2024-08-14 21:35:00,12501.9,6.5429,51494.2
2024-08-14 21:36:00,12500.6,6.5387,51495.9
2024-08-14 21:37:00,12497.3,6.5494,51497.5
2024-08-14 21:38:00,12500.3,6.5391,51494.7
2024-08-14 21:39:00,12500.8,6.537,51494.8
2024-08-14 21:40:00,12500.4,6.537,51496.4
2024-08-14 21:41:00,12500.5,6.533,51494.8
2024-08-14 21:42:00,12497.1,6.5227,51492.4
2024-08-14 21:43:00,12490.6,6.5206,51491.5
2024-08-14 21:44:00,12487.0,6.534,51493.7
2024-08-14 21:45:00,12497.5,6.5501,51496.0
2024-08-14 21:46:00,12501.2,6.5506,51496.5
2024-08-14 21:47:00,12499.9,6.5637,51501.5
2024-08-14 21:48:00,12506.5,6.5332,51494.6
2024-08-14 21:49:00,12494.7,6.5451,51498.4
2024-08-14 21:50:00,12484.5,6.556,51498.5
2024-08-14 21:51:00,12489.2,6.5767,51503.0
2024-08-14 21:52:00,12492.1,6.589,51511.3
2024-08-14 21:53:00,12479.5,6.58,51512.6
2024-08-14 21:54:00,12475.7,6.5967,51514.8
2024-08-14 21:55:00,12492.1,6.604,51518.2
2024-08-14 21:56:00,12498.6,6.5973,51517.6
2024-08-14 21:57:00,12501.3,6.6071,51517.2
2024-08-14 21:58:00,12501.2,6.6141,51517.2
2024-08-14 21:59:00,12501.3,6.6093,51515.8
2024-08-14 22:00:00,12508.1,6.6047,51514.9
2024-08-14 22:01:00,12509.9,6.5993,51513.4
2024-08-14 22:02:00,12505.8,6.6042,51512.9
2024-08-14 22:03:00,12502.3,6.6141,51513.0
2024-08-14 22:04:00,12501.9,6.6235,51513.0
2024-08-14 22:05:00,12505.5,6.6328,51513.4
2024-08-14 22:06:00,12510.3,6.6357,51513.0
2024-08-14 22:07:00,12509.8,6.6404,51513.3
2024-08-14 22:08:00,12506.9,6.6438,51513.5
2024-08-14 22:09:00,12503.2,6.644,51512.3
2024-08-14 22:10:00,12495.8,6.6462,51511.6
2024-08-14 22:11:00,12487.6,6.6475,51510.6
2024-08-14 22:12:00,12482.8,6.6497,51510.0
2024-08-14 22:13:00,12479.0,6.6535,51509.7
2024-08-14 22:14:00,12477.5,6.6527,51510.3
2024-08-14 22:15:00,12482.6,6.6557,51512.8
2024-08-14 22:16:00,12498.4,6.655,51514.0
2024-08-14 22:17:00,12501.5,6.6635,51512.9
2024-08-14 22:18:00,12497.6,6.6844,51515.0
2024-08-14 22:19:00,12492.4,6.7012,51520.4
2024-08-14 22:20:00,12497.6,6.6944,51523.0
2024-08-14 22:21:00,12499.9,6.6832,51522.1
2024-08-14 22:22:00,12499.7,6.6928,51523.1
2024-08-14 22:23:00,12500.2,6.7067,51524.8
2024-08-14 22:24:00,12490.0,6.7127,51525.1
2024-08-14 22:25:00,12493.3,6.7376,51528.3
2024-08-14 22:26:00,12516.8,6.7438,51532.6
2024-08-14 22:27:00,12511.7,6.7291,51526.4
2024-08-14 22:28:00,12510.8,6.7875,51533.8
2024-08-14 22:29:00,12527.1,6.8153,51542.2
2024-08-14 22:30:00,12534.3,6.8289,51546.4
2024-08-14 22:31:00,12525.5,6.7911,51541.2
2024-08-14 22:32:00,12513.9,6.8011,51538.1
2024-08-14 22:33:00,12512.9,6.7966,51537.1
2024-08-14 22:34:00,12519.9,6.7924,51535.8
2024-08-14 22:35:00,12527.5,6.796,51535.3
2024-08-14 22:36:00,12531.2,6.7854,51532.7
2024-08-14 22:37:00,12537.3,6.799,51532.8
2024-08-14 22:38:00,12549.7,6.8179,51536.0
2024-08-14 22:39:00,12566.5,6.7955,51533.2
2024-08-14 22:40:00,12571.2,6.7577,51524.3
2024-08-14 22:41:00,12567.4,6.7384,51518.5
2024-08-14 22:42:00,12555.7,6.7434,51517.7
2024-08-14 22:43:00,12548.3,6.7543,51519.3
2024-08-14 22:44:00,12539.5,6.7619,51519.4
2024-08-14 22:45:00,12542.1,6.7852,51520.9
2024-08-14 22:46:00,12541.0,6.7895,51522.4
2024-08-14 22:47:00,12540.2,6.785,51520.0
2024-08-14 22:48:00,12542.9,6.7458,51513.9
2024-08-14 22:49:00,12545.7,6.7295,51509.4
2024-08-14 22:50:00,12541.6,6.7317,51509.3
2024-08-14 22:51:00,12531.2,6.7298,51507.9
2024-08-14 22:52:00,12527.1,6.7346,51507.9
2024-08-14 22:53:00,12528.2,6.7459,51508.9
2024-08-14 22:54:00,12528.5,6.7529,51508.6
2024-08-14 22:55:00,12525.2,6.7585,51508.2
2024-08-14 22:56:00,12521.5,6.7648,51508.2
2024-08-14 22:57:00,12519.5,6.7653,51507.2
2024-08-14 22:58:00,12516.5,6.7606,51505.9
2024-08-14 22:59:00,12512.6,6.7611,51504.9
2024-08-14 23:00:00,12510.5,6.7659,51504.4
2024-08-14 23:01:00,12510.9,6.7717,51504.5
2024-08-14 23:02:00,12511.3,6.7674,51503.1
2024-08-14 23:03:00,12506.2,6.7603,51501.9
2024-08-14 23:04:00,12500.5,6.7599,51501.1
2024-08-14 23:05:00,12499.9,6.7575,51500.0
2024-08-14 23:06:00,12500.3,6.7577,51499.9
2024-08-14 23:07:00,12499.9,6.7537,51500.3
2024-08-14 23:08:00,12498.7,6.7447,51499.6
2024-08-14 23:09:00,12495.3,6.7382,51499.5
2024-08-14 23:10:00,12491.5,6.7379,51500.7
2024-08-14 23:11:00,12490.7,6.7398,51502.3
2024-08-14 23:12:00,12491.4,6.7442,51504.7
2024-08-14 23:13:00,12497.0,6.7466,51506.9
2024-08-14 23:14:00,12501.2,6.7388,51508.3
2024-08-14 23:15:00,12500.7,6.7302,51508.9
2024-08-14 23:16:00,12498.2,6.7212,51508.7
2024-08-14 23:17:00,12495.1,6.7156,51508.1
2024-08-14 23:18:00,12493.5,6.7117,51507.8
2024-08-14 23:19:00,12493.6,6.7104,51507.6
2024-08-14 23:20:00,12493.0,6.7101,51507.5
2024-08-14 23:21:00,12494.8,6.7079,51506.8
2024-08-14 23:22:00,12499.0,6.7092,51506.8
2024-08-14 23:23:00,12502.5,6.7069,51507.6
2024-08-14 23:24:00,12503.6,6.7018,51507.3
2024-08-14 23:25:00,12502.5,6.6939,51506.9
2024-08-14 23:26:00,12500.8,6.6865,51505.3
2024-08-14 23:27:00,12498.0,6.686,51504.4
2024-08-14 23:28:00,12496.0,6.6878,51503.9
2024-08-14 23:29:00,12496.2,6.6891,51503.6
2024-08-14 23:30:00,12496.9,6.6916,51504.0
2024-08-14 23:31:00,12498.4,6.6955,51504.7
2024-08-14 23:32:00,12499.5,6.7006,51505.3
2024-08-14 23:33:00,12499.8,6.7036,51505.8
2024-08-14 23:34:00,12499.1,6.7055,51506.3
2024-08-14 23:35:00,12497.7,6.7082,51506.5
2024-08-14 23:36:00,12497.3,6.7118,51507.4
2024-08-14 23:37:00,12498.0,6.7091,51507.9
2024-08-14 23:38:00,12499.8,6.7067,51507.7
2024-08-14 23:39:00,12500.7,6.7011,51506.6
2024-08-14 23:40:00,12500.1,6.6972,51505.7
2024-08-14 23:41:00,12498.4,6.6961,51505.1
2024-08-14 23:42:00,12498.6,6.6982,51505.0
2024-08-14 23:43:00,12499.4,6.6985,51505.2
2024-08-14 23:44:00,12498.9,6.7002,51505.8
2024-08-14 23:45:00,12497.9,6.703,51506.8
