UT,arc,discrete,diffuse,ac,ab,clear,cloudy,dd
20230215153900,0.0,0.0,0.0,0.0,0.0,0.0,0.0,100.0
20230215153930,0.0,0.0,0.0,0.0,0.0,0.0,0.0,100.0
20230215154000,0.0,0.0,0.0,0.0,0.0,0.0,0.0,100.0
20230215154030,0.0,0.0,0.0,0.0,0.0,0.0,0.0,100.0
20230215154100,0.0,0.0,0.0,0.0,0.0,0.0,0.0,100.0
20230215154130,0.0,0.0,0.0,0.0,0.0,0.0,0.0,100.0
20230215154200,0.0,0.0,0.0,0.0,0.0,0.0,0.0,100.0
20230215154231,0.0,0.0,0.0,0.0,0.0,0.0,0.0,100.0
20230215154301,0.0,0.0,0.0,0.0,0.0,0.0,0.0,100.0
20230215154331,0.0,0.0,0.0,0.0,0.0,0.0,0.0,100.0
20230215154401,0.0,0.0,0.0,0.0,0.0,0.0,0.0,100.0
20230215154431,0.0,0.0,0.0,0.0,0.0,0.0,0.0,100.0
20230215154501,0.0,0.0,0.0,0.0,0.0,0.0,0.0,100.0
20230215154531,0.0,0.0,0.0,0.0,0.0,0.0,0.0,100.0
20230215154601,0.0,0.0,0.0,0.0,0.0,0.0,0.0,100.0
20230215154631,0.0,0.0,0.0,0.0,0.0,0.0,0.0,100.0
20230215154701,0.0,0.0,0.0,0.0,0.0,0.0,0.0,100.0
20230215154731,0.0,0.0,0.0,0.0,0.0,0.0,0.0,100.0
20230215154801,0.0,0.0,0.0,0.0,0.0,0.0,0.0,100.0
20230215154831,0.0,0.0,0.0,0.0,0.0,0.0,0.0,100.0
20230215154901,0.0,0.0,0.0,0.0,0.0,0.0,0.0,100.0
20230215154931,0.0,0.0,0.0,0.0,0.0,0.0,0.0,100.0
20230215155001,0.0,0.0,0.0,0.0,0.0,0.0,0.0,100.0
20230215155031,0.0,0.0,0.0,0.0,0.0,0.0,0.0,100.0
20230215155101,0.0,0.0,0.0,0.0,0.0,0.0,0.0,100.0
20230215155131,0.0,0.0,0.0,0.0,0.0,0.0,0.0,100.0
20230215155201,0.0,0.0,0.0,0.0,0.0,0.0,0.0,100.0
20230215155231,0.0,0.0,0.0,0.0,0.0,0.0,0.0,100.0
20230215155301,0.0,0.0,0.0,0.0,0.0,0.0,0.0,100.0
20230215155331,0.0,0.0,0.0,0.0,0.0,0.0,0.0,100.0
20230215155401,0.0,0.0,0.0,0.0,0.0,0.0,0.0,100.0
20230215155431,0.0,0.0,0.0,0.0,0.0,0.0,0.0,100.0
20230215155501,0.0,0.0,0.0,0.0,0.0,0.0,0.0,100.0
20230215155531,0.0,0.0,0.0,0.0,0.0,0.0,0.0,100.0
20230215155601,0.0,0.0,0.0,0.0,0.0,0.0,0.0,100.0
20230215155631,0.0,0.0,0.0,0.0,0.0,0.0,0.0,100.0
20230215155701,0.0,0.0,0.0,0.0,0.0,0.0,0.0,100.0
20230215155731,0.0,0.0,0.0,0.0,0.0,0.0,0.0,100.0
20230215155801,0.0,0.0,0.0,0.0,0.0,0.0,0.0,100.0
20230215155831,0.0,0.0,0.0,0.0,0.0,0.0,0.0,100.0
20230215155901,0.0,0.0,0.0,0.0,0.0,0.0,0.0,100.0
20230215155931,0.0,0.0,0.0,0.0,0.0,0.0,0.0,100.0
20230215160001,0.0,0.0,0.0,0.0,0.0,0.0,0.0,100.0
20230215160031,0.0,0.0,0.0,0.0,0.0,0.0,0.0,100.0
20230215160101,0.0,0.0,0.0,0.0,0.0,0.0,0.0,100.0
20230215160131,0.0,0.0,0.0,0.0,0.0,0.0,0.0,100.0
20230215160201,0.0,0.0,0.0,0.0,0.0,0.0,0.0,100.0
20230215160231,0.0,0.0,0.0,0.0,0.0,0.0,0.0,100.0
20230215160301,0.0,0.0,0.0,0.0,0.0,0.0,0.0,100.0
20230215160331,0.0,0.0,0.0,0.0,0.0,0.0,0.0,100.0
20230215160401,0.0,0.0,0.0,0.0,0.0,0.0,0.0,100.0
20230215160431,0.0,0.0,0.0,0.0,0.0,0.0,0.0,100.0
20230215160501,0.0,0.0,0.0,0.0,0.0,0.0,0.0,100.0
20230215160531,0.0,0.0,0.0,0.0,0.0,0.0,0.0,100.0
20230215160601,0.0,0.0,0.0,0.0,0.0,0.0,0.0,100.0
20230215160631,0.0,0.0,0.0,0.0,0.0,0.0,0.0,100.0
20230215160701,0.0,0.0,0.0,0.0,0.0,0.0,0.0,100.0
20230215160731,0.0,0.0,0.0,0.0,0.0,0.0,0.0,100.0
20230215160801,0.0,0.0,0.0,0.0,0.0,0.0,0.0,100.0
20230215160831,0.0,0.0,0.0,0.0,0.0,0.0,0.0,100.0
20230215160901,0.0,0.0,0.0,0.0,0.0,0.0,0.0,100.0
20230215160931,0.0,0.0,0.0,0.0,0.0,0.0,0.0,100.0
20230215161001,0.0,0.0,0.0,0.0,0.0,0.0,0.0,100.0
20230215161031,0.0,0.0,0.0,0.0,0.0,0.0,0.0,100.0
20230215161101,0.0,0.0,0.0,0.0,0.0,0.0,0.0,100.0
20230215161131,0.0,0.0,0.0,0.0,0.0,0.0,0.0,100.0
20230215161201,0.0,0.0,0.0,0.0,0.0,0.0,0.0,100.0
20230215161231,0.0,0.0,0.0,0.0,0.0,0.0,0.0,100.0
20230215161301,0.0,0.0,0.0,0.0,0.0,0.0,0.0,100.0
20230215161331,0.0,0.0,0.0,0.0,0.0,0.0,0.0,100.0
20230215161401,0.0,0.0,0.0,0.0,0.0,0.0,0.0,100.0
20230215161431,0.0,0.0,0.0,0.0,0.0,0.0,0.0,100.0
20230215161501,0.0,0.0,0.0,0.0,0.0,0.0,0.0,100.0
20230215161531,0.0,0.0,0.0,0.0,0.0,0.0,0.0,100.0
20230215161601,0.0,0.0,0.0,0.0,0.0,0.0,0.0,100.0
20230215161631,0.0,0.0,0.0,0.0,0.0,0.0,0.0,100.0
20230215161702,0.0,0.0,0.0,0.0,0.0,0.0,0.0,100.0
20230215161732,0.0,0.0,0.0,0.0,0.0,0.0,0.0,100.0
20230215161802,0.0,0.0,0.0,0.0,0.0,0.0,0.0,100.0
20230215161832,0.0,0.0,0.0,0.0,0.0,0.0,0.0,100.0
20230215161902,0.0,0.0,0.0,0.0,0.0,0.0,0.0,100.0
20230215161932,0.0,0.0,0.0,0.0,0.0,0.0,0.0,100.0
20230215162002,0.0,0.0,0.0,0.0,0.0,0.0,0.0,100.0
20230215162032,0.0,0.0,0.0,0.0,0.0,0.0,0.0,100.0
20230215162102,0.0,0.0,0.0,0.0,0.0,0.0,0.0,100.0
20230215162132,0.0,0.0,0.0,0.0,0.0,0.0,0.0,100.0
20230215162202,0.0,0.0,0.0,0.0,0.0,0.0,0.0,100.0
20230215162232,0.0,0.0,0.0,0.0,0.0,0.0,0.0,100.0
20230215162302,0.0,0.0,0.0,0.0,0.0,0.0,0.0,100.0
20230215162332,0.0,0.0,0.0,0.0,0.0,0.0,0.0,100.0
20230215162402,0.0,0.0,0.0,0.0,0.0,0.0,0.0,100.0
20230215162432,0.0,0.0,0.0,0.0,0.0,0.0,0.0,100.0
20230215162502,0.0,0.0,0.0,0.0,0.0,0.0,0.0,100.0
20230215162532,0.0,0.0,0.0,0.0,0.0,0.0,0.0,100.0
20230215162602,0.0,0.0,0.0,0.0,0.0,0.0,0.0,100.0
20230215162632,0.0,0.0,0.0,0.0,0.0,0.0,0.0,100.0
20230215162702,0.0,0.0,0.0,0.0,0.0,0.0,0.0,100.0
20230215162732,0.0,0.0,0.0,0.0,0.0,0.0,0.0,100.0
20230215162802,0.0,0.0,0.0,0.0,0.0,0.0,0.0,100.0
20230215162832,0.0,0.0,0.0,0.0,0.0,0.0,0.0,100.0
20230215162902,0.0,0.0,0.0,0.0,0.0,0.0,0.0,100.0
20230215162932,0.0,0.0,0.0,0.0,0.0,0.0,0.0,100.0
20230215163002,0.0,0.0,0.0,0.0,0.0,0.0,0.0,100.0
20230215163032,0.0,0.0,0.0,0.0,0.0,0.0,0.0,100.0
20230215163102,0.0,0.0,0.0,0.0,0.0,0.0,0.0,100.0
20230215163132,0.0,0.0,0.0,0.0,0.0,0.0,0.0,100.0
20230215163202,0.0,0.0,0.0,0.0,0.0,0.0,0.0,100.0
20230215163232,0.0,0.0,0.0,0.0,0.0,0.0,0.0,100.0
20230215163302,0.0,0.0,0.0,0.0,0.0,0.0,0.0,100.0
20230215163332,0.0,0.0,0.0,0.0,0.0,0.0,0.0,100.0
20230215163402,0.0,0.0,0.0,0.0,0.5,0.0,0.0,99.5
20230215163432,0.0,0.0,0.0,0.0,0.0,0.0,0.0,100.0
20230215163502,0.0,0.0,0.0,0.0,0.1,0.0,0.0,99.9
20230215163532,0.0,0.0,0.0,0.0,0.0,0.0,0.0,100.0
20230215163602,0.0,0.0,0.0,0.0,0.0,0.0,0.0,100.0
20230215163632,0.0,0.0,0.0,0.0,58.8,0.0,0.0,41.2
20230215163702,0.0,0.0,0.0,0.0,31.6,0.0,0.0,68.4
20230215163732,0.0,0.0,0.0,0.0,21.5,0.0,0.0,78.5
20230215163802,0.0,0.1,0.0,1.8,10.2,0.0,0.0,87.9
20230215163832,0.0,5.7,0.0,0.1,67.2,0.0,0.0,26.9
20230215164032,0.0,0.0,0.0,0.0,0.1,0.0,0.0,99.9
20230215164102,0.0,0.0,0.0,0.0,0.1,0.0,0.0,99.9
20230215164132,0.0,0.0,0.0,0.0,0.1,0.0,0.0,99.9
20230215164202,0.0,0.0,0.0,0.0,9.2,0.0,0.0,90.8
20230215164232,0.0,0.0,0.0,0.0,0.0,0.0,0.0,100.0
20230215164302,0.0,0.0,0.0,0.0,71.8,0.0,0.0,28.2
20230215164332,0.0,0.0,0.0,0.0,75.3,0.0,0.0,24.7
20230215164403,0.0,0.0,0.0,0.0,42.6,0.0,0.0,57.4
20230215164433,0.0,0.0,0.0,0.0,2.9,0.0,0.0,97.1
20230215164503,0.0,0.0,0.0,0.0,0.5,0.0,0.0,99.5
20230215164533,0.0,0.0,0.0,0.0,1.1,0.0,0.0,98.9
20230215164603,0.0,0.0,0.0,0.0,99.7,0.0,0.0,0.3
20230215164633,0.0,0.0,0.0,0.0,95.2,0.0,0.0,4.8
20230215164703,0.0,0.0,0.0,0.0,12.9,0.0,0.0,87.1
20230215164733,0.0,0.0,0.0,0.0,5.0,0.0,0.0,95.0
20230215164803,0.0,0.0,0.0,0.0,36.6,0.0,0.0,63.4
20230215164833,0.0,0.0,0.0,0.0,54.4,0.0,0.0,45.6
20230215164903,0.0,0.0,0.0,0.0,97.1,0.0,0.0,2.9
20230215164933,0.0,0.0,0.0,0.0,99.9,0.0,0.0,0.1
20230215165003,0.0,0.0,0.0,0.0,99.9,0.0,0.0,0.1
20230215165033,0.0,0.0,0.0,0.0,100.0,0.0,0.0,0.0
20230215165103,0.0,0.0,0.0,0.0,100.0,0.0,0.0,0.0
20230215165133,0.0,0.0,0.0,0.0,100.0,0.0,0.0,0.0
20230215165203,0.0,0.0,0.0,0.0,100.0,0.0,0.0,0.0
20230215165233,0.0,0.0,0.0,0.0,99.8,0.0,0.0,0.2
20230215165303,0.0,0.0,0.0,0.0,100.0,0.0,0.0,0.0
20230215165333,0.0,0.0,0.0,0.0,99.7,0.0,0.0,0.3
20230215165403,0.0,0.0,0.0,0.1,99.6,0.0,0.0,0.4
20230215165433,0.0,0.0,0.0,0.3,99.5,0.0,0.0,0.1
20230215165503,0.0,0.0,0.0,0.1,99.5,0.0,0.0,0.3
20230215165533,0.0,0.0,0.0,0.2,99.0,0.0,0.0,0.7
20230215165603,0.0,0.0,0.0,0.0,99.9,0.0,0.0,0.0
20230215165633,0.0,0.0,0.0,0.0,100.0,0.0,0.0,0.0
20230215165703,0.0,0.0,0.0,0.0,100.0,0.0,0.0,0.0
20230215165733,0.0,0.1,0.0,0.2,99.5,0.0,0.0,0.2
20230215165803,0.0,0.0,0.0,0.7,96.5,0.0,0.0,2.7
20230215165833,0.0,0.0,0.0,0.4,92.0,0.0,0.0,7.5
20230215165903,0.0,0.0,0.1,0.4,82.9,0.0,0.0,16.6
20230215165933,0.0,0.0,0.3,0.4,17.0,0.0,0.0,82.3
20230215170003,0.1,0.1,0.4,3.6,76.3,0.0,0.0,19.6
20230215170033,0.1,0.2,0.8,14.5,39.3,0.0,0.1,44.9
20230215170103,0.2,0.3,2.9,4.1,24.4,0.0,0.1,68.1
20230215170133,0.3,0.4,0.7,18.9,10.5,0.0,0.2,69.0
20230215170203,0.7,1.1,2.9,3.9,32.3,0.0,0.2,58.9
20230215170233,3.5,0.4,9.7,7.9,18.2,0.0,0.0,60.3
20230215170303,2.8,0.3,3.2,25.3,55.9,0.0,0.2,12.1
20230215170333,0.5,0.2,10.7,1.9,60.3,0.0,0.0,26.3
20230215170403,7.6,1.4,25.2,5.3,59.0,0.0,0.0,1.5
20230215170433,10.8,18.0,5.9,21.6,41.5,0.0,0.0,2.1
20230215170503,0.7,3.3,2.1,58.8,35.0,0.0,0.0,0.0
20230215170533,0.8,2.0,0.4,90.6,6.1,0.0,0.0,0.0
20230215170603,10.8,2.0,1.6,54.8,30.5,0.0,0.0,0.2
20230215170633,32.5,2.8,13.2,29.0,22.3,0.0,0.0,0.1
20230215170703,26.1,0.6,2.5,48.2,22.5,0.0,0.0,0.2
20230215170733,48.0,19.2,15.3,8.3,8.8,0.0,0.0,0.4
20230215170803,45.2,2.3,9.8,5.9,36.7,0.0,0.0,0.1
20230215170833,41.8,0.3,37.3,9.9,10.6,0.0,0.0,0.1
20230215170903,75.3,5.5,2.0,14.1,3.1,0.0,0.0,0.0
20230215170933,47.3,2.2,14.0,34.9,1.5,0.0,0.0,0.0
20230215171003,31.7,1.5,30.6,32.2,3.9,0.0,0.0,0.0
20230215171033,17.3,0.7,10.3,68.1,3.7,0.0,0.0,0.0
20230215171103,65.8,2.4,28.3,1.4,2.1,0.0,0.0,0.0
20230215171133,84.2,1.4,12.1,1.4,0.9,0.0,0.0,0.0
20230215171203,63.7,1.6,32.4,1.8,0.5,0.0,0.0,0.0
20230215171233,16.2,3.9,74.7,4.4,0.8,0.0,0.0,0.0
20230215171303,33.6,4.7,53.1,2.5,6.2,0.0,0.0,0.0
20230215171333,16.2,2.5,76.8,1.7,2.9,0.0,0.0,0.0
20230215171403,4.1,14.7,77.9,2.8,0.5,0.0,0.0,0.0
20230215171433,35.2,3.8,50.5,9.5,0.9,0.0,0.0,0.0
20230215171503,10.2,3.9,65.0,20.7,0.2,0.0,0.0,0.0
20230215171533,11.2,0.1,87.6,1.0,0.0,0.0,0.0,0.0
20230215171603,39.8,0.0,23.4,36.4,0.4,0.0,0.0,0.0
20230215171633,62.0,0.4,31.2,6.4,0.0,0.0,0.0,0.0
20230215171703,4.3,0.5,80.6,14.2,0.3,0.0,0.0,0.0
20230215171733,12.6,0.3,73.4,12.7,1.1,0.0,0.0,0.0
20230215171803,1.1,0.2,96.7,2.0,0.0,0.0,0.0,0.0
20230215171834,5.1,1.0,69.2,24.6,0.0,0.0,0.0,0.0
20230215171904,81.1,0.0,4.4,14.5,0.0,0.0,0.0,0.0
20230215171934,99.8,0.0,0.1,0.1,0.0,0.0,0.0,0.0
20230215172004,100.0,0.0,0.0,0.0,0.0,0.0,0.0,0.0
20230215172034,99.6,0.0,0.3,0.1,0.0,0.0,0.0,0.0
20230215172104,72.5,1.0,21.7,4.7,0.0,0.0,0.0,0.0
20230215172134,69.7,25.6,1.1,3.4,0.2,0.0,0.0,0.0
20230215172204,83.4,3.0,9.8,3.1,0.8,0.0,0.0,0.0
20230215172234,95.9,0.6,0.9,1.2,1.4,0.0,0.0,0.0
20230215172304,83.9,0.5,5.3,6.5,3.9,0.0,0.0,0.0
20230215172334,98.4,0.0,1.4,0.3,0.0,0.0,0.0,0.0
20230215172404,99.5,0.0,0.4,0.0,0.0,0.0,0.0,0.0
20230215172434,95.0,0.0,4.8,0.1,0.1,0.0,0.0,0.0
20230215172504,98.3,0.2,1.3,0.2,0.1,0.0,0.0,0.0
20230215172534,99.2,0.3,0.2,0.3,0.0,0.0,0.0,0.0
20230215172604,98.9,0.2,0.4,0.5,0.0,0.0,0.0,0.0
20230215172634,89.1,0.7,9.8,0.4,0.0,0.0,0.0,0.0
20230215172704,98.0,1.3,0.1,0.6,0.0,0.0,0.0,0.0
20230215172734,99.2,0.3,0.0,0.5,0.0,0.0,0.0,0.0
20230215172804,99.5,0.0,0.0,0.4,0.0,0.0,0.0,0.0
20230215172834,95.4,1.5,1.5,0.7,0.9,0.0,0.0,0.0
20230215172904,73.3,21.8,1.2,3.4,0.2,0.0,0.0,0.0
20230215172934,35.3,46.4,3.2,13.2,1.9,0.0,0.0,0.0
20230215173004,0.3,98.1,0.0,1.5,0.0,0.0,0.0,0.0
20230215173034,13.4,61.3,0.9,23.5,0.8,0.0,0.0,0.0
20230215173104,1.2,5.0,14.6,79.0,0.2,0.0,0.0,0.0
20230215173134,1.5,15.2,36.2,45.7,1.5,0.0,0.0,0.0
20230215173204,1.2,0.0,74.5,24.2,0.1,0.0,0.0,0.0
20230215173234,9.9,9.4,35.4,45.3,0.0,0.0,0.0,0.0
20230215173304,24.4,8.0,0.5,67.1,0.0,0.0,0.0,0.0
20230215173334,3.5,0.9,0.9,94.7,0.0,0.0,0.0,0.0
20230215173404,1.5,0.2,47.3,51.0,0.0,0.0,0.0,0.0
20230215173434,0.2,0.4,81.2,18.2,0.1,0.0,0.0,0.0
20230215173504,0.0,0.0,86.5,13.4,0.0,0.0,0.0,0.0
20230215173534,0.0,0.0,37.4,62.5,0.0,0.0,0.0,0.0
20230215173604,0.0,0.0,49.4,50.6,0.0,0.0,0.0,0.0
20230215173634,0.2,0.1,89.5,10.0,0.0,0.2,0.0,0.0
20230215173704,0.0,0.0,88.8,2.1,0.0,9.1,0.0,0.0
20230215173734,0.2,0.0,99.1,0.6,0.0,0.1,0.0,0.0
20230215173804,0.0,0.0,93.6,0.1,0.0,6.3,0.0,0.0
20230215173834,0.0,0.0,100.0,0.0,0.0,0.0,0.0,0.0
20230215173904,0.0,0.0,99.3,0.0,0.0,0.7,0.0,0.0
20230215173934,0.0,0.0,94.6,3.0,0.0,2.3,0.1,0.0
20230215174004,0.0,0.0,89.5,9.6,0.0,0.1,0.8,0.0
20230215174034,0.0,0.0,81.3,0.1,0.0,7.1,11.5,0.0
20230215174104,0.0,0.0,4.9,2.4,0.0,0.8,91.9,0.0
20230215174134,0.0,0.0,5.3,0.0,0.0,4.2,90.5,0.0
20230215174204,0.0,0.0,7.2,0.0,0.0,9.9,82.8,0.0
20230215174234,0.0,0.0,1.2,0.0,0.0,5.2,93.6,0.0
20230215174304,0.0,0.0,32.0,0.0,0.0,2.3,65.6,0.0
20230215174334,0.1,0.0,43.3,0.9,0.0,23.6,32.0,0.0
20230215174404,0.0,0.0,77.3,0.3,0.0,13.4,8.9,0.0
20230215174434,0.0,0.0,88.6,1.8,0.0,3.6,6.0,0.0
20230215174504,0.0,0.0,79.5,1.7,0.0,2.9,15.9,0.0
20230215174534,0.0,0.1,7.7,17.3,0.9,0.1,39.1,34.8
20230215174604,0.0,0.0,29.9,2.4,0.0,30.3,37.3,0.0
20230215174634,0.0,0.0,30.8,0.5,0.0,43.6,25.1,0.0
20230215174704,0.1,0.0,15.5,5.4,0.0,32.1,47.0,0.0
20230215174734,0.1,0.0,34.7,1.2,0.0,3.7,60.3,0.0
20230215174804,0.0,0.0,8.0,0.2,0.0,24.0,67.8,0.0
20230215174834,0.0,0.0,1.5,0.0,0.0,50.7,47.8,0.0
20230215174904,0.0,0.0,1.0,0.0,0.0,95.2,3.8,0.0
20230215174934,0.0,0.0,1.5,0.0,0.0,33.1,65.4,0.0
20230215175004,0.0,0.0,1.1,0.0,0.0,14.4,84.5,0.0
20230215175034,0.0,0.0,10.5,0.0,0.0,72.0,17.4,0.0
20230215175104,0.0,0.0,58.0,0.0,0.0,29.1,12.8,0.0
20230215175134,0.0,0.0,39.9,0.0,0.0,21.8,38.3,0.0
20230215175204,0.0,0.0,7.3,0.0,0.0,24.1,68.6,0.0
20230215175235,0.0,0.0,45.3,0.0,0.0,18.5,36.2,0.0
20230215175305,0.0,0.0,0.0,0.0,0.0,0.0,100.0,0.0
20230215175335,0.0,0.0,1.0,0.1,0.0,75.1,23.8,0.0
20230215175405,0.0,0.0,1.5,0.4,0.0,13.0,85.1,0.0
20230215175435,0.0,0.0,0.5,0.2,0.0,86.7,12.6,0.0
20230215175505,0.5,0.0,70.7,0.6,0.0,17.6,10.5,0.0
20230215175535,0.2,0.0,88.5,0.0,0.0,6.6,4.7,0.0
20230215175605,1.5,0.0,6.9,1.1,0.0,89.7,0.8,0.0
20230215175635,1.5,0.0,24.7,5.2,0.0,55.5,13.2,0.0
20230215175705,4.9,0.0,9.7,10.1,0.0,74.4,0.9,0.0
20230215175735,0.6,0.0,0.4,0.2,0.0,97.8,0.9,0.0
20230215175805,0.5,0.0,0.0,0.4,0.0,98.9,0.2,0.0
20230215175835,0.9,0.0,16.0,0.8,0.0,76.6,5.7,0.0
20230215175905,9.0,0.0,1.5,34.9,0.0,53.7,0.7,0.0
20230215175935,5.2,0.0,0.2,47.3,0.0,25.4,21.8,0.0
20230215180005,0.9,0.0,0.1,6.9,0.0,44.8,47.3,0.0
20230215180035,0.0,0.0,4.4,0.1,0.0,7.0,88.6,0.0
20230215180105,0.1,0.0,5.3,0.8,0.0,6.2,87.6,0.0
20230215180135,0.2,0.0,0.6,20.2,0.0,43.5,35.6,0.0
20230215180205,0.4,0.0,11.0,1.6,0.0,77.7,9.2,0.0
20230215180235,0.1,0.0,33.8,1.9,0.0,49.5,14.6,0.0
20230215180305,0.2,0.0,26.4,0.3,0.0,53.2,20.0,0.0
20230215180335,0.0,0.0,0.1,0.0,0.0,99.5,0.4,0.0
20230215180405,0.0,0.0,0.0,0.0,0.0,99.7,0.3,0.0
20230215180435,0.0,0.0,0.1,0.0,0.0,98.5,1.4,0.0
20230215180505,0.0,0.0,0.0,0.0,0.0,99.5,0.4,0.0
20230215180535,0.2,0.0,0.0,13.7,0.0,6.4,79.7,0.0
20230215180605,0.0,0.0,0.0,0.2,0.0,68.7,31.0,0.0
20230215180635,0.0,0.0,0.0,0.0,0.0,99.7,0.3,0.0
20230215180705,0.3,0.0,0.0,0.1,0.0,98.9,0.6,0.0
20230215180735,3.6,0.0,0.5,0.2,0.0,52.5,43.2,0.0
20230215180805,0.2,0.0,1.2,0.5,0.0,66.3,31.8,0.0
20230215180835,0.0,0.0,0.4,0.0,0.0,47.2,52.3,0.0
20230215180905,0.0,0.0,0.0,7.6,0.0,19.5,72.9,0.0
20230215180935,0.0,0.0,0.0,0.4,0.0,15.8,83.7,0.0
20230215181005,0.0,0.0,0.0,0.3,0.0,27.2,72.5,0.0
20230215181035,0.1,0.0,0.0,16.3,0.2,69.6,13.7,0.0
20230215181105,0.0,0.0,0.0,0.3,0.0,99.4,0.4,0.0
20230215181135,0.0,0.0,0.0,0.0,0.0,99.8,0.2,0.0
20230215181205,0.0,0.0,0.1,0.3,0.0,98.9,0.7,0.0
20230215181235,0.0,0.0,0.1,0.0,0.0,98.4,1.5,0.0
20230215181305,0.0,0.0,0.0,0.2,0.0,98.8,0.9,0.0
20230215181335,0.2,0.0,0.0,3.4,0.0,86.6,9.7,0.0
20230215181405,0.1,0.0,0.1,1.8,0.0,95.2,2.9,0.0
20230215181435,0.0,0.0,0.1,10.3,0.0,65.3,24.3,0.0
20230215181505,0.1,0.0,0.2,3.5,0.0,75.5,20.7,0.0
20230215181535,0.4,0.0,0.0,4.6,0.0,90.2,4.7,0.0
20230215181605,0.5,0.0,0.0,14.7,0.0,61.7,23.1,0.0
20230215181635,0.1,0.0,0.0,2.5,0.0,85.5,11.9,0.0
20230215181705,0.0,0.0,0.0,1.1,0.0,54.8,44.1,0.0
20230215181735,0.0,0.0,0.0,1.5,0.0,25.6,72.8,0.0
20230215181805,0.0,0.0,0.4,1.2,0.0,11.6,86.7,0.0
20230215181835,0.0,0.0,0.6,4.5,0.0,8.1,86.7,0.0
20230215181905,0.0,0.0,2.8,4.3,0.0,1.1,91.8,0.1
20230215181935,0.0,0.0,1.1,1.2,0.0,3.1,94.5,0.0
20230215182005,0.0,0.0,0.7,0.3,0.0,0.7,98.2,0.1
20230215182036,0.0,0.0,0.1,0.1,0.0,0.3,99.5,0.0
20230215182106,0.0,0.0,0.0,0.0,0.0,0.1,99.8,0.0
20230215182136,0.0,0.0,0.0,0.5,0.0,0.1,99.4,0.0
20230215182206,0.0,0.0,0.0,0.0,0.0,0.0,100.0,0.0
20230215182236,0.0,0.0,0.0,0.0,0.0,0.0,100.0,0.0
20230215182306,0.0,0.0,0.0,0.0,0.0,0.0,100.0,0.0
20230215182336,0.0,0.0,0.0,0.1,0.0,0.0,99.9,0.0
20230215182406,0.0,0.0,0.0,0.0,0.0,0.0,100.0,0.0
20230215182436,0.0,0.0,0.0,0.0,0.0,0.0,100.0,0.0
20230215182506,0.0,0.0,0.0,0.2,0.0,0.0,99.8,0.0
20230215182536,0.0,0.0,0.0,0.4,0.0,0.0,99.6,0.0
20230215182606,0.0,0.0,0.0,2.0,0.0,0.0,98.0,0.0
20230215182636,0.0,0.0,0.0,11.3,0.0,0.0,88.7,0.1
20230215182706,0.0,0.0,0.0,10.2,0.0,0.0,89.7,0.0
20230215182736,0.0,0.0,0.0,8.4,0.0,0.0,91.5,0.1
20230215182806,0.0,0.0,0.0,76.2,0.0,0.0,23.7,0.0
20230215182836,0.0,0.0,0.0,7.0,0.0,0.0,93.0,0.0
20230215182906,0.0,0.0,0.0,0.6,0.0,0.0,99.4,0.0
20230215182936,0.0,0.0,0.0,8.3,0.0,0.0,91.6,0.1
20230215183006,0.0,0.0,0.1,85.8,0.0,0.0,14.1,0.0
20230215183036,0.0,0.0,0.0,87.0,0.0,0.0,12.9,0.0
20230215183106,0.0,0.0,0.2,5.8,0.0,0.0,93.9,0.2
20230215183136,0.0,0.0,0.0,0.0,0.0,0.0,100.0,0.0
20230215183206,0.0,0.0,0.0,0.2,0.0,0.0,99.8,0.0
20230215183236,0.0,0.0,0.0,1.3,0.0,0.0,98.7,0.0
20230215183306,0.0,0.0,0.0,0.4,0.0,0.0,99.6,0.0
20230215183336,0.0,0.0,0.0,0.5,0.0,0.0,99.5,0.0
20230215183406,0.0,0.0,0.0,0.2,0.0,0.0,99.8,0.0
20230215183436,0.0,0.0,0.0,0.0,0.0,0.0,100.0,0.0
20230215183506,0.0,0.0,0.0,0.1,0.0,0.0,99.9,0.0
20230215183536,0.0,0.0,0.0,0.2,0.0,0.0,99.8,0.0
20230215183606,0.0,0.0,0.1,10.5,0.0,0.0,89.2,0.2
20230215183636,0.0,0.0,0.0,76.8,0.0,0.0,23.2,0.0
20230215183706,0.0,0.0,0.0,65.9,0.0,0.0,34.0,0.0
20230215183736,0.0,0.0,0.0,83.4,0.0,0.0,16.6,0.0
20230215183806,0.0,0.0,0.0,92.3,0.0,0.0,7.5,0.1
20230215183836,0.0,0.0,0.1,17.9,0.0,0.0,81.9,0.1
20230215183906,0.0,0.0,0.0,2.5,0.0,0.0,97.4,0.0
20230215183936,0.0,0.0,0.0,0.2,0.0,0.0,99.8,0.0
20230215184006,0.0,0.0,0.2,4.3,0.0,0.0,95.5,0.0
20230215184036,0.0,0.0,0.1,8.6,0.0,0.0,91.3,0.0
20230215184106,0.0,0.0,0.0,61.4,0.0,0.0,38.5,0.0
20230215184136,0.6,0.0,0.0,96.3,0.0,0.0,3.1,0.0
20230215184206,0.0,0.0,0.0,91.9,0.0,0.0,8.0,0.0
20230215184236,2.0,0.0,0.0,97.1,0.0,0.0,0.9,0.0
20230215184306,0.0,0.0,0.0,99.7,0.0,0.0,0.2,0.0
20230215184336,0.0,0.0,0.0,99.7,0.0,0.0,0.3,0.0
20230215184406,0.1,0.0,0.0,99.9,0.0,0.0,0.0,0.0
20230215184436,0.1,0.0,0.0,99.8,0.0,0.0,0.1,0.0
20230215184506,0.0,0.0,0.0,99.9,0.0,0.0,0.0,0.0
20230215184536,0.0,0.0,0.0,99.9,0.0,0.0,0.0,0.0
20230215184606,0.0,0.0,0.0,61.6,0.0,0.0,38.4,0.0
20230215184636,0.0,0.0,0.0,0.1,0.0,0.0,99.9,0.0
20230215184706,0.0,0.0,0.0,0.4,0.0,0.0,99.6,0.0
20230215184736,0.0,0.0,0.0,2.4,0.1,0.0,32.7,64.7
20230215184806,0.1,0.0,0.0,44.6,0.0,0.0,55.3,0.0
20230215184836,0.1,0.0,0.0,94.3,0.0,0.0,5.6,0.0
20230215184906,0.0,0.0,0.0,70.6,0.0,0.0,29.4,0.0
20230215184936,0.0,0.0,0.0,96.3,0.0,0.0,3.7,0.0
20230215185006,0.0,0.0,0.0,89.6,0.0,0.0,10.4,0.0
20230215185036,0.0,0.0,0.0,99.5,0.0,0.0,0.4,0.0
20230215185106,0.5,0.0,0.1,98.3,0.0,0.0,1.1,0.0
20230215185136,0.1,0.0,0.0,99.5,0.0,0.0,0.4,0.0
20230215185206,0.0,0.0,0.0,98.5,0.0,0.0,1.5,0.0
20230215185236,0.0,0.0,0.0,98.9,0.0,0.0,1.0,0.0
20230215185306,0.0,0.0,0.0,11.2,0.0,0.0,88.8,0.0
20230215185336,0.1,0.1,0.1,11.7,0.0,0.0,88.0,0.0
20230215185406,0.0,0.0,0.0,9.1,0.0,0.0,90.9,0.0
20230215185437,0.0,0.0,0.0,1.9,0.0,0.0,98.1,0.0
20230215185507,0.0,0.0,0.0,33.9,0.0,0.0,66.1,0.0
20230215185537,0.0,0.0,0.4,45.7,0.0,0.0,53.9,0.0
20230215185607,0.0,0.0,0.1,24.6,0.0,0.0,75.3,0.0
20230215185637,0.0,0.0,0.0,0.0,0.0,0.0,100.0,0.0
20230215185707,0.0,0.0,0.0,0.0,0.0,0.0,100.0,0.0
20230215185737,0.0,0.0,0.0,0.0,0.0,0.0,100.0,0.0
20230215185807,0.0,0.0,0.0,0.0,0.0,0.0,100.0,0.0
20230215185837,0.0,0.0,0.0,0.0,0.0,0.0,100.0,0.0
20230215185907,0.0,0.0,0.0,0.2,0.0,0.0,99.8,0.0
20230215185937,0.0,0.0,0.0,51.0,0.0,0.0,49.0,0.0
20230215190007,0.0,0.0,0.0,16.9,0.0,0.0,83.1,0.0
20230215190037,0.0,0.0,0.0,8.0,0.0,0.0,92.0,0.0
20230215190107,0.0,0.0,0.0,73.2,0.0,0.0,26.8,0.0
20230215190137,0.0,0.0,0.0,1.4,0.0,0.0,98.6,0.0
20230215190207,0.0,0.0,0.0,0.4,0.0,0.0,99.6,0.0
20230215190237,0.0,0.0,0.0,0.0,0.0,0.0,100.0,0.0
20230215190307,0.0,0.0,0.0,0.1,0.0,0.0,99.9,0.0
20230215190337,0.0,0.0,0.0,6.7,0.0,0.0,93.2,0.0
20230215190407,0.0,0.0,0.0,0.0,0.0,0.0,100.0,0.0
20230215190437,0.0,0.0,0.0,0.0,0.0,0.0,100.0,0.0
20230215190507,0.0,0.0,0.0,0.0,0.0,0.0,100.0,0.0
20230215190537,0.0,0.0,0.0,0.0,0.0,0.0,100.0,0.0
20230215190607,0.0,0.0,0.0,0.0,0.0,0.0,100.0,0.0
20230215190637,0.0,0.0,0.0,0.1,0.0,0.0,99.9,0.0
20230215190707,0.0,0.0,0.0,0.0,0.0,0.0,100.0,0.0
20230215190737,0.0,0.0,0.0,0.0,0.0,0.0,100.0,0.0
20230215190807,0.0,0.0,0.0,0.0,0.0,0.0,100.0,0.0
20230215190837,0.0,0.0,0.0,0.0,0.0,0.0,100.0,0.0
20230215190907,0.0,0.0,0.2,1.3,0.0,0.0,98.5,0.0
20230215190937,0.0,0.0,0.0,0.1,0.0,0.0,99.9,0.0
20230215191007,0.0,0.0,0.0,0.0,0.0,0.0,100.0,0.0
20230215191037,0.0,0.0,0.0,0.2,0.0,0.0,99.8,0.0
20230215191107,0.0,0.0,0.0,0.7,0.0,0.0,99.2,0.0
20230215191137,0.0,0.0,0.0,0.0,0.0,0.0,100.0,0.0
20230215191207,0.0,0.0,0.0,17.7,0.0,0.0,82.3,0.0
20230215191237,0.0,0.0,0.0,4.7,0.0,0.0,95.3,0.0
20230215191307,0.0,0.0,0.2,44.7,0.0,0.0,55.2,0.0
20230215191337,0.0,0.0,0.0,99.6,0.0,0.0,0.4,0.0
20230215191407,0.0,0.0,0.0,99.0,0.0,0.0,1.0,0.0
20230215191437,0.0,0.0,0.0,0.2,0.0,0.0,99.8,0.0
20230215191507,0.0,0.0,0.0,97.6,0.0,0.0,2.3,0.0
20230215191537,0.0,0.0,0.0,98.7,0.0,0.0,1.3,0.0
20230215191607,0.0,0.0,0.0,0.3,0.0,0.0,99.7,0.0
20230215191637,0.0,0.0,0.0,0.0,0.0,0.0,100.0,0.0
20230215191707,0.0,0.0,0.0,0.0,0.0,0.0,100.0,0.0
20230215191737,0.0,0.0,0.0,0.0,0.0,0.0,100.0,0.0
20230215191807,0.0,0.0,0.0,0.0,0.0,0.0,100.0,0.0
20230215191837,0.0,0.0,0.0,0.2,0.0,0.0,99.8,0.0
20230215191907,0.0,0.0,0.0,0.0,0.0,0.0,100.0,0.0
20230215191937,0.0,0.0,0.0,0.0,0.0,0.0,100.0,0.0
20230215192007,0.0,0.0,0.0,0.0,0.0,0.0,100.0,0.0
20230215192037,0.0,0.0,0.0,0.0,0.0,0.0,100.0,0.0
20230215192107,0.0,0.0,0.0,0.0,0.0,0.0,100.0,0.0
20230215192137,0.0,0.0,0.0,0.0,0.0,0.0,100.0,0.0
20230215192207,0.0,0.0,0.0,0.0,0.0,0.0,100.0,0.0
20230215192237,0.0,0.0,0.0,0.0,0.0,0.0,100.0,0.0
20230215192307,0.0,0.0,0.0,0.0,0.0,0.0,100.0,0.0
20230215192337,0.0,0.0,0.0,0.0,0.0,0.0,100.0,0.0
20230215192407,0.0,0.0,0.0,0.1,0.0,0.0,99.9,0.0
20230215192437,0.0,0.0,0.0,0.0,0.0,0.0,100.0,0.0
20230215192507,0.0,0.0,0.0,0.0,0.0,0.0,100.0,0.0
20230215192537,0.0,0.0,0.0,0.0,0.0,0.0,100.0,0.0
20230215192607,0.0,0.0,0.0,0.1,0.0,0.0,99.8,0.0
20230215192637,0.0,0.0,0.0,0.0,0.0,0.0,100.0,0.0
20230215192707,0.0,0.0,0.0,0.0,0.0,0.0,100.0,0.0
20230215192737,0.0,0.0,0.0,0.0,0.0,0.0,100.0,0.0
20230215192807,0.0,0.0,0.0,0.0,0.0,0.0,100.0,0.0
20230215192838,0.0,0.0,0.0,0.0,0.0,0.0,100.0,0.0
20230215192908,0.0,0.0,0.0,0.0,0.0,0.0,100.0,0.0
20230215192938,0.0,0.0,0.0,0.0,0.0,0.0,100.0,0.0
20230215193008,0.0,0.0,0.0,0.0,0.0,0.0,100.0,0.0
20230215193038,0.0,0.0,0.0,0.0,0.0,0.0,100.0,0.0
20230215193108,0.0,0.0,0.0,0.0,0.0,0.0,100.0,0.0
20230215193138,0.0,0.0,0.0,0.0,0.0,0.0,100.0,0.0
20230215193208,0.0,0.0,0.0,0.0,0.0,0.0,100.0,0.0
20230215193238,0.0,0.0,0.0,0.0,0.0,0.0,100.0,0.0
20230215193308,0.0,0.0,0.0,0.0,0.0,0.0,100.0,0.0
20230215193338,0.0,0.0,0.0,0.0,0.0,0.0,100.0,0.0
20230215193408,0.0,0.0,0.0,0.0,0.0,0.0,100.0,0.0
20230215193438,0.0,0.0,0.1,0.0,0.0,0.0,99.9,0.0
20230215193508,0.0,0.0,0.1,0.0,0.0,0.0,99.9,0.0
20230215193538,0.0,0.0,0.2,0.0,0.0,0.0,99.8,0.0
20230215193608,0.0,0.0,0.9,0.0,0.0,0.0,99.0,0.0
20230215193638,0.0,0.0,0.1,0.0,0.0,0.0,99.9,0.0
20230215193708,0.0,0.0,0.0,0.0,0.0,0.0,100.0,0.0
20230215193738,0.0,0.0,0.7,0.1,0.0,0.0,99.2,0.0
20230215193808,0.1,0.0,2.9,66.3,0.0,0.0,30.7,0.0
20230215193838,0.2,0.2,0.7,91.9,0.0,0.0,7.0,0.0
20230215193908,0.0,0.0,0.0,99.8,0.0,0.0,0.2,0.0
20230215193938,0.0,0.0,0.0,99.0,0.0,0.0,1.0,0.0
20230215194008,0.0,0.0,0.0,98.4,0.0,0.0,1.6,0.0
20230215194038,0.0,0.0,2.3,43.2,0.0,0.0,54.5,0.0
20230215194108,0.0,0.0,0.1,0.5,0.0,0.0,99.4,0.0
20230215194138,0.0,0.0,0.0,2.7,0.0,0.0,97.3,0.0
20230215194208,0.0,0.0,0.0,6.4,0.0,0.0,93.6,0.0
20230215194238,0.0,0.0,0.0,100.0,0.0,0.0,0.0,0.0
20230215194308,0.0,0.0,0.0,100.0,0.0,0.0,0.0,0.0
20230215194338,0.0,0.0,0.0,100.0,0.0,0.0,0.0,0.0
20230215194408,0.0,0.0,0.0,100.0,0.0,0.0,0.0,0.0
20230215194438,0.0,0.0,0.0,100.0,0.0,0.0,0.0,0.0
20230215194508,0.0,0.0,0.0,42.3,0.0,0.0,57.7,0.0
20230215194538,0.0,0.0,0.0,74.3,0.0,0.0,25.7,0.0
20230215194608,0.0,0.0,0.0,100.0,0.0,0.0,0.0,0.0
20230215194638,0.0,0.0,0.0,100.0,0.0,0.0,0.0,0.0
20230215194708,0.0,0.0,0.1,22.9,0.0,0.0,77.1,0.0
20230215194738,0.0,0.0,0.0,70.6,0.0,0.0,29.4,0.0
20230215194808,0.0,0.0,0.0,2.4,0.0,0.0,97.6,0.0
20230215194838,0.0,0.0,0.0,0.1,0.0,0.0,99.9,0.0
20230215194908,0.0,0.0,0.0,0.0,0.0,0.0,100.0,0.0
20230215194938,0.0,0.0,0.0,0.0,0.0,0.0,100.0,0.0
20230215195008,0.0,0.0,0.0,0.0,0.0,0.0,100.0,0.0
20230215195038,0.0,0.0,0.0,0.0,0.0,0.0,100.0,0.0
20230215195108,0.0,0.0,0.0,0.0,0.0,0.0,100.0,0.0
20230215195138,0.0,0.0,0.0,0.0,0.0,0.0,100.0,0.0
20230215195208,0.0,0.0,0.0,0.0,0.0,0.0,100.0,0.0
20230215195238,0.0,0.0,0.0,0.0,0.0,0.0,100.0,0.0
20230215195308,0.0,0.0,0.0,0.0,0.0,0.0,100.0,0.0
20230215195338,0.0,0.0,0.0,0.0,0.0,0.0,100.0,0.0
20230215195408,0.0,0.0,0.0,0.0,0.0,0.0,100.0,0.0
20230215195438,0.0,0.0,0.0,0.0,0.0,0.0,100.0,0.0
20230215195508,0.0,0.0,0.0,0.0,0.0,0.0,100.0,0.0
20230215195538,0.0,0.0,0.0,0.0,0.0,0.0,100.0,0.0
20230215195609,0.0,0.0,0.0,0.0,0.0,0.0,100.0,0.0
20230215195639,0.0,0.0,0.0,0.0,0.0,0.0,100.0,0.0
20230215195709,0.0,0.0,0.0,0.0,0.0,0.0,100.0,0.0
20230215195739,0.0,0.0,0.0,0.0,0.0,0.0,100.0,0.0
20230215195809,0.0,0.0,0.0,100.0,0.0,0.0,0.0,0.0
20230215195839,0.0,0.0,0.0,100.0,0.0,0.0,0.0,0.0
20230215195909,0.0,0.0,0.0,0.0,0.0,0.0,100.0,0.0
20230215195939,0.0,0.0,0.0,0.0,0.0,0.0,100.0,0.0
20230215200009,0.0,0.0,0.0,0.0,0.0,0.0,100.0,0.0
20230215200039,0.0,0.0,0.0,0.0,0.0,0.0,100.0,0.0
20230215200109,0.0,0.0,0.0,0.0,0.0,0.0,100.0,0.0
20230215200139,0.0,0.0,0.0,0.0,0.0,0.0,100.0,0.0
20230215200209,0.0,0.0,0.0,0.0,0.0,0.0,100.0,0.0
20230215200239,0.0,0.0,0.0,0.0,0.0,0.0,100.0,0.0
20230215200309,0.0,0.0,0.0,0.0,0.0,0.0,100.0,0.0
20230215200339,0.0,0.0,0.0,0.0,0.0,0.0,100.0,0.0
20230215200409,0.0,0.0,0.0,0.0,0.0,0.0,100.0,0.0
20230215200439,0.0,0.0,0.0,0.0,0.0,0.0,100.0,0.0
20230215200509,0.0,0.0,0.0,0.0,0.0,0.0,100.0,0.0
20230215200539,0.0,0.0,0.0,0.0,0.0,0.0,100.0,0.0
20230215200609,0.0,0.0,0.0,0.0,0.0,0.0,100.0,0.0
20230215200639,0.0,0.0,0.0,0.1,0.0,0.0,99.9,0.0
20230215200709,0.0,0.0,0.0,0.0,0.0,0.0,100.0,0.0
20230215200739,0.0,0.0,0.0,0.0,0.0,0.0,100.0,0.0
20230215200809,0.0,0.0,0.0,95.4,0.0,0.0,4.6,0.0
20230215200839,0.0,0.0,0.0,100.0,0.0,0.0,0.0,0.0
20230215200909,0.0,0.0,0.0,100.0,0.0,0.0,0.0,0.0
20230215200939,0.0,0.0,0.0,99.9,0.0,0.0,0.1,0.0
20230215201009,0.0,0.0,0.0,100.0,0.0,0.0,0.0,0.0
20230215201039,0.0,0.0,0.0,100.0,0.0,0.0,0.0,0.0
20230215201109,0.0,0.0,0.0,100.0,0.0,0.0,0.0,0.0
20230215201139,0.0,0.0,0.0,100.0,0.0,0.0,0.0,0.0
20230215201209,0.0,0.0,0.0,100.0,0.0,0.0,0.0,0.0
20230215201239,0.0,0.0,0.0,97.3,0.0,0.0,2.7,0.0
20230215201309,0.0,0.0,0.0,89.8,0.0,0.0,10.2,0.0
20230215201339,0.0,0.0,0.0,32.2,0.0,0.0,67.8,0.0
20230215201409,0.0,0.0,0.0,4.7,0.0,0.0,95.3,0.0
20230215201439,0.0,0.0,0.0,2.5,0.0,0.0,97.5,0.0
20230215201509,0.0,0.0,0.0,0.1,0.0,0.0,99.9,0.0
20230215201539,0.0,0.0,0.0,0.0,0.0,0.0,100.0,0.0
20230215201609,0.0,0.0,0.0,0.0,0.0,0.0,100.0,0.0
20230215201639,0.0,0.0,0.0,0.0,0.0,0.0,100.0,0.0
20230215201709,0.0,0.0,0.0,0.0,0.0,0.0,100.0,0.0
20230215201739,0.0,0.0,0.0,3.5,0.0,0.0,96.5,0.0
20230215201809,0.0,0.0,0.0,99.9,0.0,0.0,0.1,0.0
20230215201839,0.0,0.0,0.0,99.8,0.0,0.0,0.2,0.0
20230215201909,0.0,0.0,0.0,32.8,0.0,0.0,67.2,0.0
20230215201939,0.0,0.0,0.0,8.7,0.0,0.0,91.3,0.0
20230215202009,0.0,0.0,0.0,14.8,0.0,0.0,85.2,0.0
20230215202039,0.0,0.0,0.0,4.4,0.0,0.0,95.6,0.0
20230215202109,0.0,0.0,0.0,0.3,0.0,0.0,99.7,0.0
20230215202139,0.0,0.0,0.0,7.1,0.0,0.0,92.9,0.0
20230215202209,0.0,0.0,0.0,95.1,0.0,0.0,4.9,0.0
20230215202239,0.0,0.0,0.0,3.9,0.0,0.0,96.1,0.0
20230215202309,0.0,0.0,0.0,0.2,0.0,0.0,99.8,0.0
20230215202339,0.0,0.0,0.0,0.0,0.0,0.0,100.0,0.0
20230215202409,0.0,0.0,0.0,0.0,0.0,0.0,100.0,0.0
20230215202439,0.0,0.0,0.0,0.0,0.0,0.0,100.0,0.0
20230215202509,0.0,0.0,0.0,4.2,0.0,0.0,95.8,0.0
20230215202539,0.0,0.0,0.0,0.0,0.0,0.0,100.0,0.0
20230215202609,0.0,0.0,0.0,0.0,0.0,0.0,100.0,0.0
20230215202639,0.0,0.0,0.0,2.3,0.0,0.0,97.7,0.0
20230215202709,0.0,0.0,0.0,1.3,0.0,0.0,98.6,0.0
20230215202739,0.0,0.0,0.0,100.0,0.0,0.0,0.0,0.0
20230215202809,0.0,0.0,0.0,98.9,0.0,0.0,1.1,0.0
20230215202839,0.0,0.0,0.0,10.1,0.0,0.0,89.9,0.0
20230215202909,0.0,0.0,0.0,71.4,0.0,0.0,28.6,0.0
20230215202939,0.0,0.0,0.0,1.3,0.0,0.0,98.7,0.0
20230215203010,0.0,0.0,0.0,0.0,0.0,0.0,100.0,0.0
20230215203040,0.0,0.0,0.0,0.0,0.0,0.0,100.0,0.0
20230215203110,0.0,0.0,0.0,0.0,0.0,0.0,100.0,0.0
20230215203140,0.0,0.0,0.0,0.0,0.0,0.0,100.0,0.0
20230215203210,0.0,0.0,0.0,0.0,0.0,0.0,100.0,0.0
20230215203240,0.0,0.0,0.0,0.0,0.0,0.0,100.0,0.0
20230215203310,0.0,0.0,0.0,0.0,0.0,0.0,100.0,0.0
20230215203340,0.0,0.0,0.0,0.0,0.0,0.0,100.0,0.0
20230215203410,0.0,0.0,0.0,0.0,0.0,0.0,100.0,0.0
20230215203440,0.0,0.0,0.0,0.0,0.0,0.0,100.0,0.0
20230215203510,0.0,0.0,0.0,0.1,0.0,0.0,99.9,0.0
20230215203540,0.0,0.0,0.0,0.0,0.0,0.0,100.0,0.0
20230215203610,0.0,0.0,0.0,0.0,0.0,0.0,100.0,0.0
20230215203640,0.0,0.0,0.0,0.0,0.0,0.0,100.0,0.0
20230215203710,0.0,0.0,0.0,0.0,0.0,0.0,100.0,0.0
20230215203740,0.0,0.0,0.0,0.0,0.0,0.0,100.0,0.0
20230215203810,0.0,0.0,0.0,0.0,0.0,0.0,100.0,0.0
20230215203840,0.0,0.0,0.0,0.0,0.0,0.0,100.0,0.0
20230215203910,0.0,0.0,0.0,0.0,0.0,0.0,100.0,0.0
20230215203940,0.0,0.0,0.0,0.0,0.0,0.0,100.0,0.0
20230215204010,0.0,0.0,0.0,0.0,0.0,0.0,100.0,0.0
20230215204040,0.0,0.0,0.0,0.0,0.0,0.0,100.0,0.0
20230215204110,0.0,0.0,0.0,0.0,0.0,0.0,100.0,0.0
20230215204140,0.0,0.0,0.0,0.0,0.0,0.0,100.0,0.0
20230215204210,0.0,0.0,0.0,0.0,0.0,0.0,100.0,0.0
20230215204240,0.0,0.0,0.0,0.2,0.0,0.0,99.8,0.0
20230215204310,0.0,0.0,0.0,0.0,0.0,0.0,100.0,0.0
20230215204340,0.0,0.0,0.0,0.0,0.0,0.0,100.0,0.0
20230215204410,0.0,0.0,0.0,0.0,0.0,0.0,100.0,0.0
20230215204440,0.0,0.0,0.0,0.0,0.0,0.0,100.0,0.0
20230215204510,0.0,0.0,0.0,0.0,0.0,0.0,100.0,0.0
20230215204540,0.0,0.0,0.0,0.0,0.0,0.0,100.0,0.0
20230215204610,0.0,0.0,0.0,0.0,0.0,0.0,100.0,0.0
20230215204640,0.0,0.0,0.0,0.0,0.0,0.0,100.0,0.0
20230215204710,0.0,0.0,0.0,0.0,0.0,0.0,100.0,0.0
20230215204740,0.0,0.0,0.0,0.0,0.0,0.0,100.0,0.0
20230215204810,0.0,0.0,0.0,0.0,0.0,0.0,100.0,0.0
20230215204840,0.0,0.0,0.0,0.0,0.0,0.0,100.0,0.0
20230215204910,0.0,0.0,0.0,0.0,0.0,0.0,100.0,0.0
20230215204940,0.0,0.0,0.0,0.0,0.0,0.0,100.0,0.0
20230215205010,0.0,0.0,0.0,0.0,0.0,0.0,100.0,0.0
20230215205040,0.0,0.0,0.0,0.0,0.0,0.0,100.0,0.0
20230215205110,0.0,0.0,0.0,0.0,0.0,0.0,100.0,0.0
20230215205140,0.0,0.0,0.0,0.0,0.0,0.0,100.0,0.0
20230215205210,0.0,0.0,0.0,0.0,0.0,0.0,100.0,0.0
20230215205240,0.0,0.0,0.0,0.0,0.0,0.0,100.0,0.0
20230215205310,0.0,0.0,0.0,0.0,0.0,0.0,100.0,0.0
20230215205340,0.0,0.0,0.0,0.0,0.0,0.0,100.0,0.0
20230215205410,0.0,0.0,0.0,0.0,0.0,0.0,100.0,0.0
20230215205440,0.0,0.0,0.0,0.0,0.0,0.0,100.0,0.0
20230215205510,0.0,0.0,0.0,0.0,0.0,0.0,100.0,0.0
20230215205540,0.0,0.0,0.0,0.0,0.0,0.0,100.0,0.0
20230215205610,0.0,0.0,0.0,0.0,0.0,0.0,100.0,0.0
20230215205640,0.0,0.0,0.0,0.0,0.0,0.0,100.0,0.0
20230215205710,0.0,0.0,0.0,0.0,0.0,0.0,100.0,0.0
20230215205740,0.0,0.0,0.0,0.0,0.0,0.0,100.0,0.0
20230215205810,0.0,0.0,0.0,0.0,0.0,0.0,100.0,0.0
20230215205840,0.0,0.0,0.0,0.0,0.0,0.0,100.0,0.0
20230215205910,0.0,0.0,0.0,0.0,0.0,0.0,100.0,0.0
20230215205940,0.0,0.0,0.0,0.0,0.0,0.0,100.0,0.0
20230215210010,0.0,0.0,0.0,0.0,0.0,0.0,100.0,0.0
20230215210040,0.0,0.0,0.0,0.0,0.0,0.0,100.0,0.0
20230215210110,0.0,0.0,0.0,0.0,0.0,0.0,100.0,0.0
20230215210140,0.0,0.0,0.0,0.0,0.0,0.0,100.0,0.0
20230215210210,0.0,0.0,0.0,0.0,0.0,0.0,100.0,0.0
20230215210240,0.0,0.0,0.0,0.0,0.0,0.0,100.0,0.0
20230215210310,0.0,0.0,0.0,0.0,0.0,0.0,100.0,0.0
20230215210340,0.0,0.0,0.0,0.0,0.0,0.0,100.0,0.0
20230215210410,0.0,0.0,0.0,0.0,0.0,0.0,100.0,0.0
20230215210441,0.0,0.0,0.0,0.0,0.0,0.0,100.0,0.0
20230215210511,0.0,0.0,0.0,0.0,0.0,0.0,100.0,0.0
20230215210541,0.0,0.0,0.0,0.0,0.0,0.0,100.0,0.0
20230215210611,0.0,0.0,0.0,0.0,0.0,0.0,100.0,0.0
20230215210641,0.0,0.0,0.0,0.0,0.0,0.0,100.0,0.0
20230215210711,0.0,0.0,0.0,0.0,0.0,0.0,100.0,0.0
20230215210741,0.0,0.0,0.0,0.0,0.0,0.0,100.0,0.0
20230215210811,0.0,0.0,0.0,0.0,0.0,0.0,100.0,0.0
20230215210841,0.0,0.0,0.0,0.0,0.0,0.0,100.0,0.0
20230215210911,0.0,0.0,0.0,0.0,0.0,0.0,100.0,0.0
20230215210941,0.0,0.0,0.0,0.0,0.0,0.0,100.0,0.0
20230215211011,0.0,0.0,0.0,0.0,0.0,0.0,100.0,0.0
20230215211041,0.0,0.0,0.0,0.0,0.0,0.0,100.0,0.0
20230215211111,0.0,0.0,0.0,0.0,0.0,0.0,100.0,0.0
20230215211141,0.0,0.0,0.0,0.0,0.0,0.0,100.0,0.0
20230215211211,0.0,0.0,0.0,0.0,0.0,0.0,100.0,0.0
20230215211241,0.0,0.0,0.0,0.0,0.0,0.0,100.0,0.0
20230215211311,0.0,0.0,0.0,0.0,0.0,0.0,100.0,0.0
20230215211341,0.0,0.0,0.0,0.0,0.0,0.0,100.0,0.0
20230215211411,0.0,0.0,0.0,0.0,0.0,0.0,100.0,0.0
20230215211441,0.0,0.0,0.0,0.0,0.0,0.0,100.0,0.0
20230215211511,0.0,0.0,0.0,0.0,0.0,0.0,100.0,0.0
20230215211541,0.0,0.0,0.0,0.0,0.0,0.0,100.0,0.0
20230215211611,0.0,0.0,0.0,0.0,0.0,0.0,100.0,0.0
20230215211641,0.0,0.0,0.0,0.0,0.0,0.0,100.0,0.0
20230215211711,0.0,0.0,0.0,0.0,0.0,0.0,100.0,0.0
20230215211741,0.0,0.0,0.0,0.0,0.0,0.0,100.0,0.0
20230215211811,0.0,0.0,0.0,0.0,0.0,0.0,100.0,0.0
20230215211841,0.0,0.0,0.0,0.0,0.0,0.0,100.0,0.0
20230215211911,0.0,0.0,0.0,0.0,0.0,0.0,100.0,0.0
20230215211941,0.0,0.0,0.0,0.0,0.0,0.0,100.0,0.0
20230215212011,0.0,0.0,0.0,0.0,0.0,0.0,100.0,0.0
20230215212041,0.0,0.0,0.0,0.0,0.0,0.0,100.0,0.0
20230215212111,0.0,0.0,0.0,0.0,0.0,0.0,100.0,0.0
20230215212141,0.0,0.0,0.0,0.0,0.0,0.0,100.0,0.0
20230215212211,0.0,0.0,0.0,0.0,0.0,0.0,100.0,0.0
20230215212241,0.0,0.0,0.0,0.0,0.0,0.0,100.0,0.0
20230215212311,0.0,0.0,0.0,0.8,0.0,0.0,99.2,0.0
20230215212341,0.0,0.0,0.0,0.0,0.0,0.0,100.0,0.0
20230215212411,0.0,0.0,0.0,0.0,0.0,0.0,100.0,0.0
20230215212441,0.0,0.0,0.0,0.0,0.0,0.0,100.0,0.0
20230215212511,0.0,0.0,0.0,0.1,0.0,0.0,99.9,0.0
20230215212541,0.0,0.0,0.4,10.6,0.0,0.0,89.0,0.0
20230215212611,0.5,0.0,0.0,99.5,0.0,0.0,0.0,0.0
20230215212641,2.1,0.0,0.0,97.9,0.0,0.0,0.0,0.0
20230215212711,0.3,0.0,0.0,99.3,0.0,0.0,0.3,0.0
20230215212741,0.3,0.0,0.0,89.4,0.0,0.0,9.8,0.4
20230215212811,2.0,0.0,0.0,95.4,0.0,0.0,2.5,0.0
20230215212841,0.4,0.0,0.0,93.5,0.0,0.0,6.1,0.0
20230215212911,0.1,0.0,0.0,51.4,0.0,0.0,48.4,0.1
20230215212941,0.0,0.0,0.0,2.7,0.0,0.0,97.1,0.1
20230215213011,0.0,0.0,0.0,0.1,0.0,0.0,99.9,0.0
20230215213041,0.0,0.0,0.0,0.0,0.0,0.0,99.9,0.0
20230215213111,0.0,0.0,0.0,0.0,0.0,0.0,100.0,0.0
20230215213141,0.0,0.0,0.0,0.2,0.0,0.0,99.8,0.0
20230215213211,0.0,0.0,0.0,0.6,0.0,0.0,99.4,0.0
20230215213241,0.0,0.0,0.0,0.1,0.0,0.0,99.9,0.0
20230215213311,0.0,0.0,0.0,0.1,0.0,0.0,99.9,0.0
20230215213341,0.0,0.0,0.0,0.2,0.0,0.0,99.8,0.0
20230215213412,0.0,0.0,0.1,0.0,0.0,0.0,99.9,0.0
20230215213442,0.0,0.0,0.1,0.0,0.0,0.0,99.9,0.0
20230215213512,0.0,0.0,0.1,0.1,0.0,0.0,99.8,0.0
20230215213542,0.0,0.0,0.2,0.1,0.0,0.0,99.7,0.0
20230215213612,0.0,0.0,0.2,0.2,0.0,0.0,99.5,0.0
20230215213642,0.0,0.0,0.1,0.4,0.0,0.0,99.4,0.0
20230215213712,0.2,0.0,0.1,2.0,0.0,0.1,97.5,0.0
20230215213742,0.0,0.0,0.3,1.5,0.0,0.2,98.0,0.0
20230215213812,0.1,0.0,1.1,3.8,0.0,0.6,94.5,0.0
20230215213842,0.0,0.0,0.3,0.2,0.0,0.0,99.4,0.0
20230215213912,0.0,0.0,0.1,1.1,0.0,0.0,98.7,0.0
20230215213942,0.0,0.0,0.6,0.7,0.0,0.0,98.6,0.0
20230215214012,0.0,0.0,10.3,6.4,0.0,0.0,83.2,0.0
20230215214042,0.0,0.0,0.2,0.8,0.0,0.0,99.0,0.0
20230215214112,0.0,0.0,10.4,1.7,0.0,0.4,87.4,0.1
20230215214142,0.1,0.0,0.1,7.7,0.0,0.2,91.9,0.0
20230215214212,0.1,0.0,0.4,9.9,0.0,0.1,89.3,0.0
20230215214242,0.0,0.0,0.6,3.0,0.0,0.2,95.9,0.2
20230215214312,0.0,0.0,0.8,1.0,0.0,0.2,97.7,0.3
20230215214342,0.0,0.0,0.0,0.0,0.0,0.0,99.9,0.0
20230215214412,0.0,0.0,0.0,0.1,0.0,0.0,99.8,0.0
20230215214442,0.0,0.0,0.2,0.2,0.0,0.0,99.6,0.0
20230215214512,0.0,0.0,0.0,0.1,0.0,0.0,99.8,0.0
20230215214542,0.0,0.0,0.0,0.2,0.0,0.0,99.8,0.0
20230215214612,0.0,0.0,0.0,0.0,0.0,0.0,100.0,0.0
20230215214642,0.0,0.0,0.0,0.1,0.0,0.0,99.9,0.0
20230215214712,0.0,0.0,1.6,0.6,0.0,0.0,97.8,0.0
20230215214742,0.0,0.0,21.1,12.2,0.0,0.0,66.7,0.0
20230215214812,0.1,0.0,1.7,0.2,0.0,0.0,98.0,0.0
20230215214842,0.0,0.0,0.8,17.8,0.0,0.0,81.3,0.0
20230215214912,0.0,0.0,0.5,0.4,0.0,0.0,99.1,0.0
20230215214942,0.0,0.0,0.1,0.4,0.0,0.0,99.4,0.0
20230215215012,0.1,0.0,5.0,0.8,0.0,0.0,94.1,0.0
20230215215042,0.0,0.0,13.3,1.3,0.0,0.0,85.3,0.0
20230215215112,0.0,0.0,1.5,0.2,0.0,0.0,98.3,0.0
20230215215142,0.0,0.0,10.8,2.1,0.0,0.0,87.1,0.0
20230215215212,0.0,0.0,40.3,0.5,0.0,0.0,59.2,0.0
20230215215242,0.0,0.0,5.1,0.2,0.0,0.0,94.6,0.0
20230215215312,0.0,0.0,4.6,2.9,0.0,0.0,92.5,0.0
20230215215342,0.0,0.0,0.9,0.5,0.0,0.0,98.6,0.0
20230215215412,0.0,0.0,0.3,1.1,0.0,0.0,98.6,0.0
20230215215442,0.0,0.0,0.9,5.4,0.0,0.0,93.6,0.0
20230215215512,0.0,0.0,0.1,1.8,0.0,0.0,98.1,0.0
20230215215542,0.0,0.0,0.1,0.1,0.0,0.0,99.8,0.0
20230215215612,0.0,0.0,0.0,0.1,0.0,0.0,99.9,0.0
20230215215642,0.0,0.0,0.2,0.1,0.0,0.0,99.7,0.0
20230215215712,0.0,0.0,0.2,0.1,0.0,0.0,99.7,0.0
20230215215742,0.0,0.0,0.0,0.0,0.0,0.0,100.0,0.0
20230215215812,0.0,0.0,0.0,0.1,0.0,0.0,99.9,0.0
20230215215842,0.0,0.0,0.0,0.1,0.0,0.0,99.9,0.0
20230215215912,0.0,0.0,0.0,0.0,0.0,0.0,100.0,0.0
20230215215942,0.0,0.0,0.0,0.0,0.0,0.0,100.0,0.0
20230215220012,0.0,0.0,0.0,0.0,0.0,0.0,100.0,0.0
20230215220042,0.0,0.0,0.0,0.0,0.0,0.0,100.0,0.0
20230215220112,0.0,0.0,0.0,0.0,0.0,0.0,100.0,0.0
20230215220142,0.0,0.0,0.0,0.0,0.0,0.0,100.0,0.0
20230215220212,0.0,0.0,0.0,0.0,0.0,0.0,100.0,0.0
20230215220242,0.0,0.0,0.0,0.1,0.0,0.0,99.9,0.0
20230215220312,0.0,0.0,0.0,0.0,0.0,0.0,100.0,0.0
20230215220342,0.0,0.0,0.0,0.0,0.0,0.0,100.0,0.0
20230215220412,0.0,0.0,0.0,0.0,0.0,0.0,100.0,0.0
20230215220442,0.0,0.0,0.0,0.0,0.0,0.0,100.0,0.0
20230215220512,0.0,0.0,0.0,0.0,0.0,0.0,100.0,0.0
20230215220542,0.0,0.0,0.0,0.0,0.0,0.0,100.0,0.0
20230215220613,0.0,0.0,0.0,0.0,0.0,0.0,100.0,0.0
20230215220643,0.0,0.0,0.0,0.0,0.0,0.0,100.0,0.0
20230215220713,0.0,0.0,0.0,0.0,0.0,0.0,100.0,0.0
20230215220743,0.0,0.0,0.2,0.0,0.0,0.0,99.8,0.0
20230215220813,0.0,0.0,1.3,0.1,0.0,0.0,98.6,0.0
20230215220843,0.0,0.0,0.4,0.0,0.0,0.0,99.5,0.0
20230215220913,0.0,0.0,0.0,0.0,0.0,0.0,100.0,0.0
20230215220943,0.0,0.0,0.0,0.0,0.0,0.0,100.0,0.0
20230215221013,0.0,0.0,0.0,0.0,0.0,0.0,100.0,0.0
20230215221043,0.0,0.0,0.4,0.0,0.0,0.0,99.6,0.0
20230215221113,0.0,0.0,1.7,0.0,0.0,0.0,98.2,0.0
20230215221143,0.0,0.0,0.0,0.0,0.0,0.0,100.0,0.0
20230215221213,0.0,0.0,0.0,0.0,0.0,0.0,100.0,0.0
20230215221243,0.0,0.0,0.1,0.1,0.0,0.0,99.9,0.0
20230215221313,0.0,0.0,0.3,0.0,0.0,0.1,99.5,0.0
20230215221343,0.0,0.0,2.6,0.3,0.0,0.2,96.8,0.1
20230215221413,0.0,0.0,0.2,0.2,0.0,0.1,99.5,0.0
20230215221443,0.0,0.0,0.0,0.0,0.0,0.0,100.0,0.0
20230215221513,0.0,0.0,0.0,0.0,0.0,0.0,100.0,0.0
20230215221543,0.0,0.0,0.0,0.0,0.0,0.0,100.0,0.0
20230215221613,0.0,0.0,0.1,0.0,0.0,0.0,99.9,0.0
20230215221643,0.0,0.0,0.0,0.1,0.0,0.0,99.8,0.0
20230215221713,0.0,0.0,0.0,0.0,0.0,0.0,99.9,0.0
20230215221743,0.0,0.0,0.2,0.0,0.0,0.0,99.7,0.0
20230215221813,0.0,0.0,0.0,0.0,0.0,0.1,99.9,0.0
20230215221843,0.0,0.0,0.9,0.1,0.0,0.2,98.8,0.0
20230215221913,0.0,0.0,0.4,0.1,0.0,0.3,99.2,0.0
20230215221943,0.0,0.0,0.2,0.0,0.0,0.0,99.8,0.0
20230215222013,0.0,0.0,0.0,0.0,0.0,0.0,99.9,0.0
20230215222043,0.0,0.0,0.0,0.0,0.0,0.0,100.0,0.0
20230215222113,0.0,0.0,0.0,0.0,0.0,0.0,99.9,0.0
20230215222143,0.0,0.0,0.0,0.0,0.0,0.0,100.0,0.0
20230215222213,0.0,0.0,0.0,0.0,0.0,0.0,100.0,0.0
20230215222243,0.0,0.0,0.7,0.2,0.0,0.0,99.0,0.0
20230215222313,0.0,0.0,0.2,0.1,0.0,0.0,99.7,0.0
20230215222343,0.0,0.0,0.0,0.0,0.0,0.0,99.9,0.0
20230215222413,0.0,0.0,0.2,0.1,0.0,0.0,99.8,0.0
20230215222443,0.0,0.0,0.3,0.0,0.0,0.0,99.6,0.0
20230215222513,0.0,0.0,0.0,0.0,0.0,0.0,100.0,0.0
20230215222543,0.0,0.0,0.0,0.0,0.0,0.0,100.0,0.0
20230215222613,0.0,0.0,0.0,0.0,0.0,0.0,100.0,0.0
20230215222643,0.0,0.0,0.1,0.0,0.0,0.0,99.9,0.0
20230215222713,0.0,0.0,0.0,0.0,0.0,0.0,98.9,1.0
20230215222743,0.0,0.0,0.0,0.0,0.0,0.0,100.0,0.0
20230215222813,0.0,0.0,0.0,0.0,0.0,0.0,99.9,0.0
20230215222843,0.0,0.0,0.0,0.0,0.0,0.0,100.0,0.0
20230215222913,0.0,0.0,0.0,0.0,0.0,0.0,99.9,0.1
20230215222943,0.0,0.0,0.0,0.0,0.0,0.0,100.0,0.0
20230215223013,0.0,0.0,0.0,0.0,0.0,0.0,99.9,0.1
20230215223043,0.0,0.0,0.0,0.0,0.0,0.0,100.0,0.0
20230215223113,0.0,0.0,0.0,0.0,0.0,0.0,100.0,0.0
20230215223143,0.0,0.0,0.0,0.0,0.0,0.0,100.0,0.0
20230215223213,0.0,0.0,0.0,0.0,0.0,0.0,100.0,0.0
20230215223243,0.0,0.0,0.0,0.0,0.0,0.0,100.0,0.0
20230215223313,0.0,0.0,0.0,0.0,0.0,0.0,100.0,0.0
20230215223343,0.0,0.0,0.0,0.0,0.0,0.0,100.0,0.0
20230215223413,0.0,0.0,0.0,0.0,0.0,0.0,100.0,0.0
20230215223443,0.0,0.0,0.0,0.0,0.0,0.0,100.0,0.0
20230215223513,0.0,0.0,0.0,0.0,0.0,0.0,100.0,0.0
20230215223543,0.0,0.0,0.0,0.0,0.0,0.0,100.0,0.0
20230215223613,0.0,0.0,0.0,0.0,0.0,0.0,100.0,0.0
20230215223643,0.0,0.0,0.1,0.0,0.0,0.0,99.9,0.0
20230215223713,0.0,0.0,0.1,0.1,0.0,0.0,99.9,0.0
20230215223743,0.2,0.1,36.7,9.4,0.0,0.0,53.6,0.0
20230215223813,10.7,0.0,0.1,88.1,0.0,0.0,1.1,0.0
20230215223843,4.5,0.2,0.1,94.9,0.0,0.0,0.4,0.0
20230215223913,2.4,0.1,0.0,97.5,0.0,0.0,0.0,0.0
20230215223943,3.6,0.5,1.0,95.0,0.0,0.0,0.0,0.0
20230215224014,24.5,0.2,0.0,75.4,0.0,0.0,0.0,0.0
20230215224044,2.8,0.0,0.0,97.2,0.0,0.0,0.0,0.0
20230215224114,28.4,0.1,0.0,71.5,0.0,0.0,0.0,0.0
20230215224144,0.7,0.0,0.0,99.3,0.0,0.0,0.0,0.0
20230215224214,0.1,0.0,0.0,99.9,0.0,0.0,0.0,0.0
20230215224244,0.0,0.0,0.0,100.0,0.0,0.0,0.0,0.0
20230215224314,0.0,0.0,0.0,100.0,0.0,0.0,0.0,0.0
20230215224344,0.0,0.0,0.0,99.9,0.0,0.0,0.1,0.0
20230215224414,0.0,0.0,0.0,100.0,0.0,0.0,0.0,0.0
20230215224444,0.0,0.0,0.0,100.0,0.0,0.0,0.0,0.0
20230215224514,0.0,0.0,0.0,99.1,0.0,0.0,0.8,0.0
20230215224544,0.0,0.0,0.0,99.6,0.0,0.0,0.3,0.0
20230215224614,0.0,0.0,0.0,77.3,0.0,0.0,22.6,0.0
20230215224644,0.6,0.0,0.0,99.3,0.0,0.0,0.1,0.0
20230215224714,0.1,0.0,0.0,98.9,0.0,0.0,1.0,0.0
20230215224744,0.0,0.0,0.0,3.5,0.0,0.0,96.5,0.0
20230215224814,0.0,0.0,0.0,0.2,0.0,0.0,99.8,0.0
20230215224844,0.0,0.0,0.0,0.1,0.0,0.0,99.9,0.0
20230215224914,0.0,0.0,0.0,1.6,0.0,0.0,98.4,0.0
20230215224944,0.0,0.0,0.0,0.1,0.0,0.0,99.9,0.0
20230215225014,0.0,0.0,0.0,0.2,0.0,0.0,99.8,0.0
20230215225044,0.0,0.0,0.0,0.0,0.0,0.0,100.0,0.0
20230215225114,0.0,0.0,0.0,0.0,0.0,0.0,100.0,0.0
20230215225144,0.0,0.0,0.0,0.0,0.0,0.0,100.0,0.0
20230215225214,0.0,0.0,0.0,0.0,0.0,0.0,100.0,0.0
20230215225244,0.0,0.0,0.0,0.0,0.0,0.0,100.0,0.0
20230215225314,0.0,0.0,0.0,8.7,0.0,0.0,91.2,0.0
20230215225344,0.0,0.0,0.0,100.0,0.0,0.0,0.0,0.0
20230215225414,0.0,0.0,0.0,100.0,0.0,0.0,0.0,0.0
20230215225444,0.0,0.0,0.2,99.8,0.0,0.0,0.0,0.0
20230215225514,0.0,0.2,4.9,94.4,0.4,0.0,0.0,0.0
20230215225544,0.0,0.0,1.9,98.1,0.0,0.0,0.0,0.0
20230215225614,0.0,0.0,0.0,99.5,0.4,0.0,0.0,0.0
20230215225644,0.0,0.0,0.0,100.0,0.0,0.0,0.0,0.0
20230215225714,0.0,0.0,0.0,99.9,0.1,0.0,0.0,0.0
20230215225744,0.0,0.0,0.0,100.0,0.0,0.0,0.0,0.0
20230215225814,0.0,0.1,0.0,99.8,0.0,0.0,0.0,0.0
20230215225844,0.0,0.0,0.2,99.8,0.0,0.0,0.0,0.0
20230215225914,0.0,0.0,0.1,99.9,0.0,0.0,0.0,0.0
20230215225944,0.0,0.0,0.0,99.9,0.1,0.0,0.0,0.0
20230215230014,0.0,0.0,0.0,100.0,0.0,0.0,0.0,0.0
20230215230044,0.0,0.0,0.0,100.0,0.0,0.0,0.0,0.0
20230215230114,0.0,0.0,0.0,100.0,0.0,0.0,0.0,0.0
20230215230144,0.0,0.3,0.0,99.6,0.1,0.0,0.0,0.0
20230215230214,0.0,0.0,0.0,100.0,0.0,0.0,0.0,0.0
20230215230244,0.0,0.0,0.0,100.0,0.0,0.0,0.0,0.0
20230215230314,0.0,0.0,0.0,100.0,0.0,0.0,0.0,0.0
20230215230344,0.0,0.0,0.0,100.0,0.0,0.0,0.0,0.0
20230215230414,0.0,0.0,0.0,100.0,0.0,0.0,0.0,0.0
20230215230444,0.0,0.0,0.0,100.0,0.0,0.0,0.0,0.0
20230215230514,0.0,0.0,0.0,100.0,0.0,0.0,0.0,0.0
20230215230544,0.0,0.0,0.0,100.0,0.0,0.0,0.0,0.0
20230215230614,0.0,0.0,0.0,100.0,0.0,0.0,0.0,0.0
20230215230644,0.0,0.0,0.0,100.0,0.0,0.0,0.0,0.0
20230215230714,0.0,0.0,0.0,99.8,0.1,0.0,0.0,0.0
20230215230744,0.0,0.0,0.0,99.9,0.0,0.0,0.1,0.0
20230215230814,0.0,0.0,0.0,99.9,0.0,0.0,0.0,0.1
20230215230844,0.0,0.0,0.0,99.9,0.1,0.0,0.0,0.0
20230215230914,0.0,0.0,0.0,99.9,0.0,0.0,0.0,0.0
20230215230944,0.0,0.0,0.0,100.0,0.0,0.0,0.0,0.0
20230215231014,0.0,0.0,0.0,99.9,0.0,0.0,0.0,0.0
20230215231044,0.0,0.0,0.0,99.8,0.1,0.0,0.0,0.1
20230215231114,0.0,0.0,0.2,98.6,0.2,0.0,0.3,0.8
20230215231144,0.0,0.0,0.1,98.9,0.1,0.0,0.1,0.8
20230215231214,0.0,0.0,0.0,99.9,0.0,0.0,0.0,0.1
20230215231244,0.0,0.0,0.0,99.6,0.0,0.0,0.0,0.3
20230215231314,0.0,0.0,0.0,99.9,0.0,0.0,0.0,0.1
20230215231344,0.0,0.0,0.0,99.9,0.0,0.0,0.0,0.1
20230215231414,0.0,0.0,0.3,88.3,0.3,0.0,0.0,11.1
20230215231445,0.0,0.0,0.1,90.3,0.1,0.0,0.0,9.5
20230215231515,0.0,0.0,0.0,99.2,0.0,0.0,0.1,0.7
20230215231545,0.0,0.0,0.0,99.6,0.0,0.0,0.0,0.3
20230215231615,0.0,0.0,0.0,99.6,0.0,0.0,0.0,0.3
20230215231645,0.0,0.0,0.0,98.7,0.0,0.0,0.1,1.2
20230215231715,0.0,0.0,0.0,99.5,0.0,0.0,0.0,0.5
20230215231745,0.0,0.0,0.0,99.4,0.0,0.0,0.0,0.6
20230215231815,0.0,0.0,0.0,99.6,0.0,0.0,0.0,0.3
20230215231845,0.0,0.0,0.0,99.5,0.0,0.0,0.1,0.3
20230215231915,0.0,0.0,0.0,79.8,0.1,0.0,6.8,13.3
20230215231945,0.0,0.0,0.0,95.3,0.0,0.0,1.7,3.0
20230215232015,0.0,0.0,0.0,97.9,0.0,0.0,1.5,0.6
20230215232045,0.0,0.0,0.0,96.5,0.1,0.0,2.8,0.6
20230215232115,0.0,0.0,0.3,49.2,0.1,0.0,48.4,2.0
20230215232145,0.0,0.0,0.0,82.8,0.1,0.0,16.9,0.2
20230215232215,0.0,0.0,0.0,42.0,0.1,0.0,57.6,0.2
20230215232245,0.0,0.0,0.2,26.1,0.0,0.0,72.8,0.8
20230215232315,0.0,0.0,0.1,37.5,0.0,0.0,62.1,0.3
20230215232345,0.0,0.0,0.2,22.2,0.0,0.0,77.4,0.1
20230215232415,0.0,0.0,0.0,30.0,0.0,0.0,70.0,0.0
20230215232445,0.0,0.0,0.0,3.7,0.0,0.0,96.2,0.0
20230215232515,0.0,0.0,0.0,23.5,0.0,0.0,76.3,0.2
20230215232545,0.0,0.0,0.1,97.6,0.0,0.0,2.3,0.0
20230215232615,0.0,0.0,0.0,99.9,0.1,0.0,0.1,0.0
20230215232645,0.0,0.0,0.0,99.8,0.1,0.0,0.0,0.0
20230215232715,0.0,0.0,0.0,100.0,0.0,0.0,0.0,0.0
20230215232745,0.0,0.0,0.0,100.0,0.0,0.0,0.0,0.0
20230215232815,0.0,0.0,0.0,99.9,0.0,0.0,0.1,0.0
20230215232845,0.0,0.0,0.0,99.1,0.0,0.0,0.9,0.0
20230215232915,0.0,0.0,0.0,74.3,0.0,0.0,25.7,0.0
20230215232945,0.0,0.0,0.0,99.0,0.0,0.0,1.0,0.0
20230215233015,0.0,0.0,0.0,99.8,0.0,0.0,0.2,0.0
20230215233045,0.0,0.0,0.0,100.0,0.0,0.0,0.0,0.0
20230215233115,0.0,0.0,0.0,100.0,0.0,0.0,0.0,0.0
20230215233145,0.0,0.0,0.0,100.0,0.0,0.0,0.0,0.0
20230215233215,0.0,0.0,0.0,100.0,0.0,0.0,0.0,0.0
20230215233245,0.0,0.0,0.0,100.0,0.0,0.0,0.0,0.0
20230215233315,0.0,0.0,0.0,100.0,0.0,0.0,0.0,0.0
20230215233345,0.0,0.0,0.0,100.0,0.0,0.0,0.0,0.0
20230215233415,0.0,0.0,0.0,100.0,0.0,0.0,0.0,0.0
20230215233445,0.0,0.0,0.0,100.0,0.0,0.0,0.0,0.0
20230215233515,0.0,0.0,0.0,99.9,0.0,0.0,0.1,0.0
20230215233545,0.0,0.0,0.0,100.0,0.0,0.0,0.0,0.0
20230215233615,0.0,0.0,0.0,100.0,0.0,0.0,0.0,0.0
20230215233645,0.0,0.0,0.0,100.0,0.0,0.0,0.0,0.0
20230215233715,0.0,0.0,0.0,100.0,0.0,0.0,0.0,0.0
20230215233745,0.0,0.0,0.0,100.0,0.0,0.0,0.0,0.0
20230215233815,0.0,0.0,0.0,90.9,0.0,0.0,9.0,0.0
20230215233845,0.0,0.1,0.0,45.0,0.0,0.0,54.8,0.0
20230215233915,0.0,0.0,0.2,31.5,0.0,0.0,68.2,0.0
20230215233945,0.0,0.0,0.0,85.5,0.0,0.0,14.5,0.0
20230215234015,0.0,0.0,0.0,42.1,0.0,0.0,57.9,0.0
20230215234045,0.0,0.0,0.0,20.4,0.0,0.0,79.6,0.0
20230215234115,0.0,0.0,0.0,3.6,0.0,0.0,96.4,0.0
20230215234145,0.0,0.0,0.0,1.1,0.0,0.0,98.9,0.0
20230215234216,0.0,0.0,0.0,71.3,0.0,0.0,28.7,0.0
20230215234246,0.0,0.0,0.0,22.0,0.0,0.0,78.0,0.0
20230215234316,0.0,0.0,0.0,66.1,0.0,0.0,33.7,0.1
20230215234346,0.0,0.0,0.0,60.3,0.0,0.0,39.6,0.0
20230215234416,0.0,0.0,0.0,65.2,0.0,0.0,34.8,0.0
20230215234446,0.0,0.0,0.0,90.4,0.0,0.0,9.6,0.0
20230215234516,0.0,0.0,0.0,93.2,0.0,0.0,6.8,0.0
20230215234546,0.0,0.0,0.0,59.9,0.0,0.0,40.0,0.0
20230215234616,0.0,0.0,0.0,67.1,0.0,0.0,32.9,0.0
20230215234646,0.0,0.0,0.0,91.9,0.0,0.0,8.1,0.0
20230215234716,0.0,0.0,0.0,97.7,0.0,0.0,2.3,0.0
20230215234746,0.0,0.0,0.0,91.1,0.0,0.0,8.9,0.0
20230215234816,0.0,0.0,0.0,95.3,0.0,0.0,4.7,0.0
20230215234846,0.0,0.0,0.0,99.5,0.0,0.0,0.5,0.0
20230215234916,0.0,0.0,0.0,95.5,0.0,0.0,4.5,0.0
20230215234946,0.0,0.0,0.0,99.8,0.0,0.0,0.2,0.0
20230215235016,0.0,0.0,0.0,98.6,0.0,0.0,1.4,0.0
20230215235046,0.0,0.0,0.0,62.5,0.0,0.0,37.5,0.0
20230215235116,0.0,0.0,0.0,89.6,0.0,0.0,10.4,0.0
20230215235146,0.0,0.0,0.0,99.1,0.0,0.0,0.8,0.1
20230215235216,0.0,0.0,0.0,99.0,0.0,0.0,0.9,0.0
20230215235246,0.0,0.0,0.0,98.4,0.0,0.0,1.6,0.0
20230215235316,0.0,0.0,0.0,97.5,0.0,0.0,2.5,0.0
20230215235346,0.0,0.0,0.0,99.4,0.0,0.0,0.6,0.0
20230215235416,0.0,0.0,0.0,99.9,0.0,0.0,0.1,0.0
20230215235446,0.0,0.0,0.0,99.7,0.0,0.0,0.3,0.0
20230215235516,0.0,0.0,0.0,99.4,0.0,0.0,0.6,0.0
20230215235546,0.0,0.0,0.0,98.4,0.0,0.0,1.5,0.0
20230215235616,0.0,0.0,0.0,96.9,0.0,0.0,3.0,0.0
20230215235646,0.0,0.0,0.0,86.5,0.0,0.0,13.5,0.0
20230215235716,0.0,0.0,0.0,99.9,0.0,0.0,0.1,0.0
20230215235746,0.0,0.0,0.0,99.5,0.0,0.0,0.1,0.4
20230215235816,0.0,0.0,0.0,99.2,0.0,0.0,0.7,0.2
20230215235846,0.0,0.0,0.0,99.7,0.0,0.0,0.3,0.0
20230215235916,0.0,0.0,0.0,99.9,0.0,0.0,0.1,0.0
20230215235946,0.0,0.0,0.0,100.0,0.0,0.0,0.0,0.0
20230216000016,0.0,0.0,0.0,99.9,0.0,0.0,0.1,0.0
20230216000046,0.0,0.0,0.0,100.0,0.0,0.0,0.0,0.0
20230216000116,0.0,0.0,0.0,99.9,0.0,0.0,0.1,0.0
20230216000146,0.0,0.0,0.0,99.5,0.0,0.0,0.4,0.0
20230216000216,0.0,0.0,0.0,99.9,0.0,0.0,0.0,0.0
20230216000246,0.0,0.0,0.0,100.0,0.0,0.0,0.0,0.0
20230216000316,0.0,0.0,0.0,99.9,0.0,0.0,0.1,0.0
20230216000346,0.0,0.0,0.0,100.0,0.0,0.0,0.0,0.0
20230216000416,0.0,0.0,0.0,99.4,0.0,0.0,0.6,0.0
20230216000446,0.0,0.0,0.0,98.7,0.0,0.0,1.3,0.0
20230216000516,0.0,0.0,0.0,99.2,0.0,0.0,0.8,0.0
20230216000546,0.0,0.0,0.0,95.3,0.0,0.0,4.6,0.0
20230216000616,0.0,0.0,0.0,97.9,0.0,0.0,2.1,0.0
20230216000646,0.0,0.0,0.0,93.3,0.0,0.0,6.6,0.1
20230216000716,0.0,0.0,0.0,99.5,0.0,0.0,0.5,0.0
20230216000746,0.0,0.0,0.0,99.7,0.0,0.0,0.3,0.0
20230216000816,0.0,0.0,0.0,99.3,0.0,0.0,0.6,0.0
20230216000846,0.0,0.0,0.0,99.9,0.0,0.0,0.1,0.0
20230216000916,0.0,0.0,0.0,93.6,0.0,0.0,6.4,0.0
20230216000946,0.0,0.0,0.0,97.7,0.0,0.0,2.3,0.0
20230216001016,0.0,0.0,0.0,95.7,0.0,0.0,4.3,0.0
20230216001046,0.0,0.0,0.0,94.5,0.0,0.0,5.5,0.0
20230216001116,0.0,0.0,0.0,75.6,0.0,0.0,24.4,0.0
20230216001146,0.0,0.0,0.0,69.6,0.0,0.0,30.3,0.1
20230216001216,0.0,0.0,0.0,0.8,0.0,0.0,99.1,0.1
20230216001246,0.0,0.0,0.0,0.1,0.0,0.0,99.9,0.0
20230216001316,0.0,0.0,0.0,1.7,0.0,0.0,98.3,0.0
20230216001346,0.0,0.0,0.0,24.1,0.0,0.0,75.8,0.0
20230216001416,0.0,0.0,0.0,8.2,0.0,0.0,91.8,0.0
20230216001446,0.0,0.0,0.0,0.6,0.0,0.0,99.4,0.0
20230216001516,0.0,0.0,0.0,0.0,0.0,0.0,100.0,0.0
20230216001546,0.0,0.0,0.0,0.0,0.0,0.0,100.0,0.0
20230216001617,0.0,0.0,0.0,0.0,0.0,0.0,100.0,0.0
20230216001647,0.0,0.0,0.0,0.0,0.0,0.0,100.0,0.0
20230216001717,0.0,0.0,0.0,0.0,0.0,0.0,100.0,0.0
20230216001747,0.0,0.0,0.0,0.0,0.0,0.0,100.0,0.0
20230216001817,0.0,0.0,0.0,0.1,0.0,0.0,99.9,0.0
20230216001847,0.0,0.0,0.0,0.0,0.0,0.0,100.0,0.0
20230216001917,0.0,0.0,0.0,0.0,0.0,0.0,100.0,0.0
20230216001947,0.0,0.0,0.0,0.1,0.0,0.0,99.9,0.0
20230216002017,0.0,0.0,0.0,0.0,0.0,0.0,100.0,0.0
20230216002047,0.0,0.0,0.0,0.0,0.0,0.0,100.0,0.0
20230216002117,0.0,0.0,0.0,0.0,0.0,0.0,100.0,0.0
20230216002147,0.0,0.0,0.0,0.0,0.0,0.0,100.0,0.0
20230216002217,0.0,0.0,0.0,0.0,0.0,0.0,100.0,0.0
20230216002247,0.0,0.0,0.0,0.1,0.0,0.0,99.9,0.0
20230216002317,0.0,0.0,0.0,0.0,0.0,0.0,100.0,0.0
20230216002347,0.0,0.0,0.0,0.0,0.0,0.0,100.0,0.0
20230216002417,0.0,0.0,0.0,0.3,0.0,0.0,99.7,0.0
20230216002447,0.0,0.0,0.0,1.0,0.0,0.0,99.0,0.0
20230216002517,0.0,0.0,0.0,0.2,0.0,0.0,99.8,0.0
20230216002547,0.0,0.0,0.0,0.0,0.0,0.0,100.0,0.0
20230216002617,0.0,0.0,0.0,0.0,0.0,0.0,100.0,0.0
20230216002647,0.0,0.0,0.0,0.0,0.0,0.0,100.0,0.0
20230216002717,0.0,0.0,0.0,0.1,0.0,0.0,99.9,0.0
20230216002747,0.0,0.0,0.0,0.5,0.0,0.0,99.5,0.0
20230216002817,0.0,0.0,0.0,2.2,0.0,0.0,97.8,0.0
20230216002847,0.0,0.0,0.0,0.7,0.0,0.0,99.3,0.0
20230216002917,0.0,0.0,0.0,6.9,0.0,0.0,93.1,0.0
20230216002947,0.0,0.0,0.0,9.7,0.0,0.0,90.3,0.0
20230216003017,0.0,0.0,0.0,0.5,0.0,0.0,99.5,0.0
20230216003047,0.0,0.0,0.0,27.7,0.0,0.0,72.2,0.1
20230216003117,0.0,0.0,0.0,3.7,0.0,0.0,96.3,0.0
20230216003147,0.0,0.0,0.0,7.7,0.0,0.0,92.3,0.0
20230216003217,0.0,0.0,0.0,94.6,0.0,0.0,5.3,0.1
20230216003247,0.0,0.0,0.0,16.6,0.0,0.0,83.1,0.2
20230216003317,0.0,0.0,0.0,1.9,0.0,0.0,98.0,0.2
20230216003347,0.0,0.0,0.0,14.0,0.0,0.0,86.0,0.1
20230216003417,0.0,0.0,0.0,5.8,0.0,0.0,94.1,0.0
20230216003447,0.0,0.0,0.0,6.3,0.0,0.0,93.7,0.0
20230216003517,0.0,0.0,0.0,22.1,0.0,0.0,77.8,0.0
20230216003547,0.0,0.0,0.0,0.8,0.0,0.0,99.2,0.0
20230216003617,0.0,0.0,0.0,2.9,0.0,0.0,97.1,0.0
20230216003647,0.0,0.0,0.0,10.2,0.0,0.0,89.8,0.0
20230216003717,0.0,0.0,0.0,3.3,0.0,0.0,96.6,0.0
20230216003747,0.0,0.0,0.0,4.1,0.0,0.0,95.3,0.6
20230216003817,0.0,0.0,0.0,0.4,0.0,0.0,99.4,0.3
20230216003847,0.0,0.0,0.0,0.7,0.0,0.0,99.1,0.2
20230216003917,0.0,0.0,0.0,2.2,0.0,0.0,97.8,0.0
20230216003947,0.0,0.0,0.0,0.1,0.0,0.0,99.9,0.0
20230216004017,0.0,0.0,0.0,2.7,0.0,0.0,97.3,0.0
20230216004047,0.0,0.0,0.0,1.4,0.0,0.0,98.6,0.0
20230216004117,0.0,0.0,0.0,0.7,0.0,0.0,99.3,0.0
20230216004147,0.0,0.0,0.0,7.2,0.0,0.0,92.7,0.0
20230216004217,0.0,0.0,0.0,0.8,0.0,0.0,99.2,0.0
20230216004247,0.0,0.0,0.0,7.5,0.0,0.0,92.5,0.0
20230216004317,0.0,0.0,0.0,0.6,0.0,0.0,99.4,0.0
20230216004347,0.0,0.0,0.0,0.3,0.0,0.0,99.7,0.0
20230216004417,0.0,0.0,0.0,9.8,0.0,0.0,90.1,0.0
20230216004447,0.0,0.0,0.0,41.4,0.0,0.0,58.6,0.0
20230216004517,0.0,0.0,0.0,0.8,0.0,0.0,99.2,0.0
20230216004547,0.0,0.0,0.0,0.0,0.0,0.0,100.0,0.0
20230216004617,0.0,0.0,0.0,0.0,0.0,0.0,100.0,0.0
20230216004647,0.0,0.0,0.0,0.0,0.0,0.0,100.0,0.0
20230216004717,0.0,0.0,0.0,0.0,0.0,0.0,100.0,0.0
20230216004747,0.0,0.0,0.0,0.0,0.0,0.0,100.0,0.0
20230216004817,0.0,0.0,0.0,0.0,0.0,0.0,100.0,0.0
20230216004847,0.0,0.0,0.0,0.0,0.0,0.0,100.0,0.0
20230216004917,0.0,0.0,0.0,0.0,0.0,0.0,100.0,0.0
20230216004947,0.0,0.0,0.0,0.0,0.0,0.0,100.0,0.0
20230216005017,0.0,0.0,0.0,0.0,0.0,0.0,100.0,0.0
20230216005048,0.0,0.0,0.0,0.0,0.0,0.0,100.0,0.0
20230216005118,0.0,0.0,0.0,0.0,0.0,0.0,100.0,0.0
20230216005148,0.0,0.0,0.0,0.0,0.0,0.0,100.0,0.0
20230216005218,0.0,0.0,0.0,0.0,0.0,0.0,100.0,0.0
20230216005248,0.0,0.0,0.0,0.0,0.0,0.0,100.0,0.0
20230216005318,0.0,0.0,0.0,0.0,0.0,0.0,100.0,0.0
20230216005348,0.0,0.0,0.0,0.0,0.0,0.0,100.0,0.0
20230216005418,0.0,0.0,0.0,0.0,0.0,0.0,100.0,0.0
20230216005448,0.0,0.0,0.0,0.6,0.0,0.0,99.4,0.0
20230216005518,0.0,0.0,0.0,0.1,0.0,0.0,99.9,0.0
20230216005548,0.0,0.0,0.0,1.0,0.0,0.0,98.8,0.2
20230216005618,0.0,0.0,0.0,0.0,0.0,0.0,99.9,0.1
20230216005648,0.0,0.0,0.0,9.1,0.0,0.0,90.9,0.1
20230216005718,0.0,0.0,0.0,7.9,0.0,0.0,92.0,0.1
20230216005748,0.0,0.0,0.0,28.3,0.0,0.0,71.6,0.1
20230216005818,0.0,0.0,0.0,46.6,0.0,0.0,53.3,0.1
20230216005848,0.0,0.0,0.0,28.9,0.0,0.0,70.9,0.1
20230216005918,0.0,0.0,0.0,51.8,0.0,0.0,48.0,0.1
20230216005948,0.0,0.0,0.0,93.9,0.0,0.0,6.0,0.0
20230216010018,0.0,0.0,0.0,20.6,0.0,0.0,79.4,0.0
20230216010048,0.0,0.0,0.0,3.0,0.0,0.0,97.0,0.0
20230216010118,0.0,0.0,0.0,0.2,0.0,0.0,99.8,0.0
20230216010148,0.0,0.0,0.0,1.0,0.0,0.0,98.9,0.0
20230216010218,0.0,0.0,0.0,13.5,0.0,0.0,86.4,0.1
20230216010248,0.0,0.0,0.0,4.3,0.0,0.0,95.6,0.1
20230216010318,0.0,0.0,0.0,1.5,0.0,0.0,98.5,0.1
20230216010348,0.0,0.0,0.0,0.2,0.0,0.0,99.8,0.0
20230216010418,0.0,0.0,0.0,0.5,0.0,0.0,99.5,0.0
20230216010448,0.0,0.0,0.0,0.2,0.0,0.0,99.8,0.0
20230216010518,0.0,0.0,0.0,7.1,0.0,0.0,92.9,0.0
20230216010548,0.0,0.0,0.0,0.2,0.0,0.0,99.8,0.0
20230216010618,0.0,0.0,0.0,0.2,0.0,0.0,99.8,0.0
20230216010648,0.0,0.0,0.0,0.4,0.0,0.0,99.6,0.0
20230216010718,0.0,0.0,0.0,0.1,0.0,0.0,99.9,0.0
20230216010748,0.0,0.0,0.0,0.2,0.0,0.0,99.8,0.0
20230216010818,0.0,0.0,0.0,0.1,0.0,0.0,99.9,0.0
20230216010848,0.0,0.0,0.0,0.0,0.0,0.0,100.0,0.0
20230216010918,0.0,0.0,0.0,0.1,0.0,0.0,99.9,0.0
20230216010948,0.0,0.0,0.0,0.0,0.0,0.0,100.0,0.0
20230216011018,0.0,0.0,0.0,0.0,0.0,0.0,100.0,0.0
20230216011048,0.0,0.0,0.0,0.0,0.0,0.0,100.0,0.0
20230216011118,0.0,0.0,0.0,0.2,0.0,0.0,99.8,0.0
20230216011148,0.0,0.0,0.0,0.0,0.0,0.0,100.0,0.0
20230216011218,0.0,0.0,0.0,0.0,0.0,0.0,100.0,0.0
20230216011248,0.0,0.0,0.0,0.1,0.0,0.0,99.9,0.0
20230216011318,0.0,0.0,0.0,2.4,0.0,0.0,97.6,0.0
20230216011348,0.0,0.0,0.0,2.1,0.0,0.0,97.8,0.1
20230216011418,0.0,0.0,0.0,0.1,0.0,0.0,99.9,0.0
20230216011448,0.0,0.0,0.0,0.1,0.0,0.0,99.9,0.0
20230216011518,0.0,0.0,0.0,0.0,0.0,0.0,100.0,0.0
20230216011548,0.0,0.0,0.0,0.1,0.0,0.0,99.9,0.0
20230216011618,0.0,0.0,0.0,0.0,0.0,0.0,100.0,0.0
20230216011648,0.0,0.0,0.0,0.1,0.0,0.0,99.9,0.0
20230216011718,0.0,0.0,0.0,0.0,0.0,0.0,100.0,0.0
20230216011749,0.0,0.0,0.0,0.0,0.0,0.0,100.0,0.0
20230216011819,0.0,0.0,0.0,0.0,0.0,0.0,100.0,0.0
20230216011849,0.0,0.0,0.0,0.0,0.0,0.0,100.0,0.0
20230216011919,0.0,0.0,0.0,0.0,0.0,0.0,100.0,0.0
20230216011949,0.0,0.0,0.0,0.1,0.0,0.0,99.9,0.0
20230216012019,0.0,0.0,0.0,0.1,0.0,0.0,99.9,0.0
20230216012049,0.0,0.0,0.0,0.0,0.0,0.0,100.0,0.0
20230216012119,0.0,0.0,0.0,0.0,0.0,0.0,100.0,0.0
20230216012149,0.0,0.0,0.0,0.0,0.0,0.0,100.0,0.0
20230216012219,0.0,0.0,0.0,0.0,0.0,0.0,100.0,0.0
20230216012249,0.0,0.0,0.0,0.0,0.0,0.0,100.0,0.0
20230216012319,0.0,0.0,0.0,0.0,0.0,0.0,100.0,0.0
20230216012349,0.0,0.0,0.0,0.0,0.0,0.0,100.0,0.0
20230216012419,0.0,0.0,0.0,0.0,0.0,0.0,100.0,0.0
20230216012449,0.0,0.0,0.0,0.0,0.0,0.0,100.0,0.0
20230216012519,0.0,0.0,0.0,0.0,0.0,0.0,100.0,0.0
20230216012549,0.0,0.0,0.0,0.0,0.0,0.0,100.0,0.0
20230216012619,0.0,0.0,0.0,0.0,0.0,0.0,100.0,0.0
20230216012649,0.0,0.0,0.0,0.0,0.0,0.0,100.0,0.0
20230216012719,0.0,0.0,0.0,0.0,0.0,0.0,100.0,0.0
20230216012749,0.0,0.0,0.0,0.0,0.0,0.0,100.0,0.0
20230216012819,0.0,0.0,0.0,0.0,0.0,0.0,100.0,0.0
20230216012849,0.0,0.0,0.0,0.0,0.0,0.0,100.0,0.0
20230216012919,0.0,0.0,0.0,0.0,0.0,0.0,100.0,0.0
20230216012949,0.0,0.0,0.0,0.0,0.0,0.0,100.0,0.0
20230216013019,0.0,0.0,0.0,0.0,0.0,0.0,100.0,0.0
20230216013049,0.0,0.0,0.0,0.0,0.0,0.0,100.0,0.0
20230216013119,0.0,0.0,0.0,0.0,0.0,0.0,100.0,0.0
20230216013149,0.0,0.0,0.0,0.0,0.0,0.0,100.0,0.0
20230216013219,0.0,0.0,0.0,0.0,0.0,0.0,100.0,0.0
20230216013249,0.0,0.0,0.0,0.0,0.0,0.0,100.0,0.0
20230216013319,0.0,0.0,0.0,0.0,0.0,0.0,100.0,0.0
20230216013349,0.0,0.0,0.0,0.0,0.0,0.0,100.0,0.0
20230216013419,0.0,0.0,0.0,0.0,0.0,0.0,100.0,0.0
20230216013449,0.0,0.0,0.0,0.0,0.0,0.0,100.0,0.0
20230216013519,0.0,0.0,0.0,0.0,0.0,0.0,100.0,0.0
20230216013549,0.0,0.0,0.0,0.0,0.0,0.0,100.0,0.0
20230216013619,0.0,0.0,0.0,0.0,0.0,0.0,100.0,0.0
20230216013649,0.0,0.0,0.0,0.0,0.0,0.0,100.0,0.0
20230216013719,0.0,0.0,0.0,0.0,0.0,0.0,100.0,0.0
20230216013749,0.0,0.0,0.0,0.0,0.0,0.0,100.0,0.0
20230216013819,0.0,0.0,0.0,0.0,0.0,0.0,100.0,0.0
20230216013849,0.0,0.0,0.0,0.0,0.0,0.0,100.0,0.0
20230216013919,0.0,0.0,0.0,0.0,0.0,0.0,100.0,0.0
20230216013949,0.0,0.0,0.0,0.0,0.0,0.0,100.0,0.0
20230216014019,0.0,0.0,0.0,0.0,0.0,0.0,100.0,0.0
20230216014049,0.0,0.0,0.0,0.0,0.0,0.0,100.0,0.0
20230216014119,0.0,0.0,0.0,0.0,0.0,0.0,100.0,0.0
20230216014149,0.0,0.0,0.0,0.0,0.0,0.0,100.0,0.0
20230216014219,0.0,0.0,0.0,0.0,0.0,0.0,100.0,0.0
20230216014249,0.0,0.0,0.0,0.0,0.0,0.0,100.0,0.0
20230216014319,0.0,0.0,0.0,0.0,0.0,0.0,100.0,0.0
20230216014349,0.0,0.0,0.0,0.0,0.0,0.0,100.0,0.0
20230216014419,0.0,0.0,0.0,0.0,0.0,0.0,100.0,0.0
20230216014449,0.0,0.0,0.0,0.1,0.0,0.0,99.9,0.0
20230216014519,0.0,0.0,0.0,0.0,0.0,0.0,100.0,0.0
20230216014549,0.0,0.0,0.0,0.0,0.0,0.0,100.0,0.0
20230216014619,0.0,0.0,0.0,0.0,0.0,0.0,100.0,0.0
20230216014649,0.0,0.0,0.0,0.1,0.0,0.0,99.9,0.0
20230216014719,0.0,0.0,0.0,0.0,0.0,0.0,100.0,0.0
20230216014749,0.0,0.0,0.0,0.1,0.0,0.0,99.9,0.0
20230216014819,0.0,0.0,0.0,0.4,0.0,0.0,99.6,0.0
20230216014849,0.0,0.0,0.0,1.7,0.0,0.0,98.3,0.0
20230216014919,0.0,0.0,0.0,0.2,0.0,0.0,99.8,0.0
20230216014949,0.0,0.0,0.0,0.2,0.0,0.0,99.8,0.0
20230216015019,0.0,0.0,0.0,0.1,0.0,0.0,99.9,0.0
20230216015049,0.0,0.0,0.0,8.4,0.0,0.0,91.5,0.0
20230216015119,0.0,0.0,0.0,5.4,0.0,0.0,94.6,0.0
20230216015149,0.0,0.0,0.0,0.3,0.0,0.0,99.6,0.0
20230216015220,0.0,0.0,0.0,0.1,0.0,0.0,99.9,0.0
20230216015250,0.0,0.0,0.0,1.1,0.0,0.0,98.9,0.0
20230216015320,0.0,0.0,0.0,0.3,0.0,0.0,99.7,0.0
20230216015350,0.0,0.0,0.1,0.5,0.0,0.0,99.4,0.0
20230216015420,0.0,0.0,0.0,0.0,0.0,0.0,100.0,0.0
20230216015450,0.0,0.0,0.0,0.0,0.0,0.0,100.0,0.0
20230216015520,0.0,0.0,0.0,0.0,0.0,0.0,100.0,0.0
20230216015550,0.0,0.0,0.0,0.0,0.0,0.0,100.0,0.0
20230216015620,0.0,0.0,0.0,0.0,0.0,0.0,100.0,0.0
20230216015650,0.0,0.0,0.0,0.0,0.0,0.0,100.0,0.0
20230216015720,0.0,0.0,0.0,0.0,0.0,0.0,100.0,0.0
20230216015750,0.0,0.0,0.0,0.0,0.0,0.0,100.0,0.0
20230216015820,0.0,0.0,0.0,0.0,0.0,0.0,100.0,0.0
20230216015850,0.0,0.0,0.0,0.0,0.0,0.0,100.0,0.0
20230216015920,0.0,0.0,0.0,0.0,0.0,0.0,100.0,0.0
20230216015950,0.0,0.0,0.0,0.0,0.0,0.0,100.0,0.0
20230216020020,0.0,0.0,0.0,0.0,0.0,0.0,100.0,0.0
20230216020050,0.0,0.0,0.0,0.0,0.0,0.0,100.0,0.0
20230216020120,0.0,0.0,0.0,0.1,0.0,0.0,99.9,0.0
20230216020150,0.0,0.0,0.0,0.0,0.0,0.0,100.0,0.0
20230216020220,0.0,0.0,0.0,0.0,0.0,0.0,100.0,0.0
20230216020250,0.0,0.0,0.0,0.0,0.0,0.0,100.0,0.0
20230216020320,0.0,0.0,0.0,0.0,0.0,0.0,100.0,0.0
20230216020350,0.0,0.0,0.0,0.0,0.0,0.0,100.0,0.0
20230216020420,0.0,0.0,0.0,0.0,0.0,0.0,100.0,0.0
20230216020450,0.0,0.0,0.0,0.0,0.0,0.0,100.0,0.0
20230216020520,0.0,0.0,0.0,0.0,0.0,0.0,100.0,0.0
20230216020550,0.0,0.0,0.0,0.0,0.0,0.0,100.0,0.0
20230216020620,0.0,0.0,0.0,0.0,0.0,0.0,100.0,0.0
20230216020650,0.0,0.0,0.0,0.0,0.0,0.0,100.0,0.0
20230216020720,0.0,0.0,0.0,0.0,0.0,0.0,100.0,0.0
20230216020750,0.0,0.0,0.0,0.0,0.0,0.0,100.0,0.0
20230216020820,0.0,0.0,0.0,0.0,0.0,0.0,100.0,0.0
20230216020850,0.0,0.0,0.0,0.0,0.0,0.0,100.0,0.0
20230216020920,0.0,0.0,0.0,0.0,0.0,0.0,100.0,0.0
20230216020950,0.0,0.0,0.0,0.0,0.0,0.0,100.0,0.0
20230216021020,0.0,0.0,0.0,0.0,0.0,0.0,100.0,0.0
20230216021050,0.0,0.0,0.0,0.0,0.0,0.0,100.0,0.0
20230216021120,0.0,0.0,0.0,0.0,0.0,0.0,100.0,0.0
20230216021150,0.0,0.0,0.0,0.0,0.0,0.0,100.0,0.0
20230216021220,0.0,0.0,0.0,0.0,0.0,0.0,100.0,0.0
20230216021250,0.0,0.0,0.0,0.0,0.0,0.0,100.0,0.0
20230216021320,0.0,0.0,0.0,0.0,0.0,0.0,100.0,0.0
20230216021350,0.0,0.0,0.0,0.0,0.0,0.0,100.0,0.0
20230216021420,0.0,0.0,0.0,0.0,0.0,0.0,100.0,0.0
20230216021450,0.0,0.0,0.0,0.0,0.0,0.0,100.0,0.0
20230216021520,0.0,0.0,0.0,0.0,0.0,0.0,100.0,0.0
20230216021550,0.0,0.0,0.0,0.0,0.0,0.0,100.0,0.0
20230216021620,0.0,0.0,0.0,0.0,0.0,0.0,100.0,0.0
20230216021650,0.0,0.0,0.0,0.0,0.0,0.0,100.0,0.0
20230216021720,0.0,0.0,0.0,0.0,0.0,0.0,100.0,0.0
20230216021750,0.0,0.0,0.0,0.0,0.0,0.0,100.0,0.0
20230216021820,0.0,0.0,0.0,0.0,0.0,0.0,100.0,0.0
20230216021850,0.0,0.0,0.0,0.0,0.0,0.0,100.0,0.0
20230216021920,0.0,0.0,0.0,0.0,0.0,0.0,100.0,0.0
20230216021950,0.0,0.0,0.0,0.0,0.0,0.0,100.0,0.0
20230216022020,0.0,0.0,0.0,0.0,0.0,0.0,100.0,0.0
20230216022050,0.0,0.0,0.0,0.0,0.0,0.0,100.0,0.0
20230216022120,0.0,0.0,0.0,0.0,0.0,0.0,100.0,0.0
20230216022150,0.0,0.0,0.0,0.0,0.0,0.0,100.0,0.0
20230216022220,0.0,0.0,0.0,0.0,0.0,0.0,100.0,0.0
20230216022250,0.0,0.0,0.0,0.0,0.0,0.0,100.0,0.0
20230216022320,0.0,0.0,0.0,0.0,0.0,0.0,100.0,0.0
20230216022350,0.0,0.0,0.0,0.0,0.0,0.0,100.0,0.0
20230216022420,0.0,0.0,0.0,0.0,0.0,0.0,100.0,0.0
20230216022450,0.0,0.0,0.0,0.0,0.0,0.0,100.0,0.0
20230216022520,0.0,0.0,0.0,0.0,0.0,0.0,100.0,0.0
20230216022550,0.0,0.0,0.0,0.0,0.0,0.0,100.0,0.0
20230216022621,0.0,0.0,0.0,0.0,0.0,0.0,100.0,0.0
20230216022651,0.0,0.0,0.0,0.0,0.0,0.0,100.0,0.0
20230216022721,0.0,0.0,0.0,0.0,0.0,0.0,100.0,0.0
20230216022751,0.0,0.0,0.0,0.0,0.0,0.0,100.0,0.0
20230216022821,0.0,0.0,0.0,0.0,0.0,0.0,100.0,0.0
20230216022851,0.0,0.0,0.0,0.0,0.0,0.0,100.0,0.0
20230216022921,0.0,0.0,0.0,0.0,0.0,0.0,100.0,0.0
20230216022951,0.0,0.0,0.0,0.0,0.0,0.0,100.0,0.0
20230216023021,0.0,0.0,0.0,0.0,0.0,0.0,100.0,0.0
20230216023051,0.0,0.0,0.0,0.0,0.0,0.0,100.0,0.0
20230216023121,0.0,0.0,0.0,0.0,0.0,0.0,100.0,0.0
20230216023151,0.0,0.0,0.0,0.0,0.0,0.0,100.0,0.0
20230216023221,0.0,0.0,0.0,0.0,0.0,0.0,100.0,0.0
20230216023251,0.0,0.0,0.0,0.0,0.0,0.0,100.0,0.0
20230216023321,0.0,0.0,0.0,0.0,0.0,0.0,100.0,0.0
20230216023351,0.0,0.0,0.0,0.0,0.0,0.0,100.0,0.0
20230216023421,0.0,0.0,0.0,0.0,0.0,0.0,100.0,0.0
20230216023451,0.0,0.0,0.0,0.0,0.0,0.0,100.0,0.0
20230216023521,0.0,0.0,0.0,0.0,0.0,0.0,100.0,0.0
20230216023551,0.0,0.0,0.0,0.0,0.0,0.0,100.0,0.0
20230216023621,0.0,0.0,0.0,0.0,0.0,0.0,100.0,0.0
20230216023651,0.0,0.0,0.0,0.0,0.0,0.0,100.0,0.0
20230216023721,0.0,0.0,0.0,0.0,0.0,0.0,100.0,0.0
20230216023751,0.0,0.0,0.0,0.0,0.0,0.0,100.0,0.0
20230216023821,0.0,0.0,0.0,0.0,0.0,0.0,100.0,0.0
20230216023851,0.0,0.0,0.0,0.0,0.0,0.0,100.0,0.0
20230216023921,0.0,0.0,0.0,0.0,0.0,0.0,100.0,0.0
20230216023951,0.0,0.0,0.0,0.0,0.0,0.0,100.0,0.0
20230216024021,0.0,0.0,0.0,0.0,0.0,0.0,100.0,0.0
20230216024051,0.0,0.0,0.0,0.0,0.0,0.0,100.0,0.0
20230216024121,0.0,0.0,0.0,0.0,0.0,0.0,100.0,0.0
20230216024151,0.0,0.0,0.0,0.0,0.0,0.0,100.0,0.0
20230216024221,0.0,0.0,0.0,0.0,0.0,0.0,100.0,0.0
20230216024251,0.0,0.0,0.0,0.0,0.0,0.0,100.0,0.0
20230216024321,0.0,0.0,0.0,0.0,0.0,0.0,100.0,0.0
20230216024351,0.0,0.0,0.0,0.0,0.0,0.0,100.0,0.0
20230216024421,0.0,0.0,0.0,0.0,0.0,0.0,100.0,0.0
20230216024451,0.0,0.0,0.0,0.0,0.0,0.0,100.0,0.0
20230216024521,0.0,0.0,0.0,0.0,0.0,0.0,100.0,0.0
20230216024551,0.0,0.0,0.0,0.0,0.0,0.0,100.0,0.0
20230216024621,0.0,0.0,0.0,0.0,0.0,0.0,100.0,0.0
20230216024651,0.0,0.0,0.0,0.0,0.0,0.0,100.0,0.0
20230216024721,0.0,0.0,0.0,0.0,0.0,0.0,100.0,0.0
20230216024751,0.0,0.0,0.0,0.0,0.0,0.0,100.0,0.0
20230216024821,0.0,0.0,0.0,0.0,0.0,0.0,100.0,0.0
20230216024851,0.0,0.0,0.0,0.0,0.0,0.0,100.0,0.0
20230216024921,0.0,0.0,0.0,0.0,0.0,0.0,100.0,0.0
20230216024951,0.0,0.0,0.0,0.0,0.0,0.0,100.0,0.0
20230216025021,0.0,0.0,0.0,0.0,0.0,0.0,100.0,0.0
20230216025051,0.0,0.0,0.0,0.0,0.0,0.0,100.0,0.0
20230216025121,0.0,0.0,0.0,0.0,0.0,0.0,100.0,0.0
20230216025151,0.0,0.0,0.0,0.0,0.0,0.0,100.0,0.0
20230216025221,0.0,0.0,0.0,0.0,0.0,0.0,100.0,0.0
20230216025251,0.0,0.0,0.0,0.0,0.0,0.0,100.0,0.0
20230216025322,0.0,0.0,0.0,0.0,0.0,0.0,100.0,0.0
20230216025352,0.0,0.0,0.0,0.0,0.0,0.0,100.0,0.0
20230216025422,0.0,0.0,0.0,0.0,0.0,0.0,100.0,0.0
20230216025452,0.0,0.0,0.0,0.0,0.0,0.0,100.0,0.0
20230216025522,0.0,0.0,0.0,0.0,0.0,0.0,100.0,0.0
20230216025552,0.0,0.0,0.0,0.0,0.0,0.0,100.0,0.0
20230216025622,0.0,0.0,0.0,0.0,0.0,0.0,100.0,0.0
20230216025652,0.0,0.0,0.0,0.0,0.0,0.0,100.0,0.0
20230216025722,0.0,0.0,0.0,0.0,0.0,0.0,100.0,0.0
20230216025752,0.0,0.0,0.0,0.0,0.0,0.0,100.0,0.0
20230216025822,0.0,0.0,0.0,0.0,0.0,0.0,100.0,0.0
20230216025852,0.0,0.0,0.0,0.0,0.0,0.0,100.0,0.0
20230216025922,0.0,0.0,0.0,0.0,0.0,0.0,100.0,0.0
20230216025952,0.0,0.0,0.0,0.0,0.0,0.0,100.0,0.0
20230216030022,0.0,0.0,0.0,0.0,0.0,0.0,100.0,0.0
20230216030052,0.0,0.0,0.0,0.0,0.0,0.0,100.0,0.0
20230216030122,0.0,0.0,0.0,0.0,0.0,0.0,100.0,0.0
20230216030152,0.0,0.0,0.0,0.0,0.0,0.0,100.0,0.0
20230216030222,0.0,0.0,0.0,0.0,0.0,0.0,100.0,0.0
20230216030252,0.0,0.0,0.0,0.0,0.0,0.0,100.0,0.0
20230216030322,0.0,0.0,0.0,0.0,0.0,0.0,100.0,0.0
20230216030352,0.0,0.0,0.0,0.0,0.0,0.0,100.0,0.0
20230216030422,0.0,0.0,0.0,0.0,0.0,0.0,100.0,0.0
20230216030452,0.0,0.0,0.0,0.0,0.0,0.0,100.0,0.0
20230216030522,0.0,0.0,0.0,0.0,0.0,0.0,100.0,0.0
20230216030552,0.0,0.0,0.0,0.0,0.0,0.0,100.0,0.0
20230216030622,0.0,0.0,0.0,0.0,0.0,0.0,100.0,0.0
20230216030652,0.0,0.0,0.0,0.0,0.0,0.0,100.0,0.0
20230216030722,0.0,0.0,0.0,0.0,0.0,0.0,100.0,0.0
20230216030752,0.0,0.0,0.0,0.0,0.0,0.0,100.0,0.0
20230216030822,0.0,0.0,0.0,0.0,0.0,0.0,100.0,0.0
20230216030852,0.0,0.0,0.0,0.0,0.0,0.0,100.0,0.0
20230216030922,0.0,0.0,0.0,0.0,0.0,0.0,100.0,0.0
20230216030952,0.0,0.0,0.0,0.0,0.0,0.0,100.0,0.0
20230216031022,0.0,0.0,0.0,0.0,0.0,0.0,100.0,0.0
20230216031052,0.0,0.0,0.0,0.0,0.0,0.0,100.0,0.0
20230216031122,0.0,0.0,0.0,0.0,0.0,0.0,100.0,0.0
20230216031152,0.0,0.0,0.0,0.0,0.0,0.0,100.0,0.0
20230216031222,0.0,0.0,0.0,0.0,0.0,0.0,100.0,0.0
20230216031252,0.0,0.0,0.0,0.0,0.0,0.0,100.0,0.0
20230216031322,0.0,0.0,0.0,0.0,0.0,0.0,100.0,0.0
20230216031352,0.0,0.0,0.0,0.0,0.0,0.0,100.0,0.0
20230216031422,0.0,0.0,0.0,0.0,0.0,0.0,100.0,0.0
20230216031452,0.0,0.0,0.0,0.0,0.0,0.0,100.0,0.0
20230216031522,0.0,0.0,0.0,0.0,0.0,0.0,100.0,0.0
20230216031552,0.0,0.0,0.0,0.0,0.0,0.0,100.0,0.0
20230216031622,0.0,0.0,0.0,0.0,0.0,0.0,100.0,0.0
20230216031652,0.0,0.0,0.0,0.0,0.0,0.0,100.0,0.0
20230216031722,0.0,0.0,0.0,0.0,0.0,0.0,100.0,0.0
20230216031752,0.0,0.0,0.0,0.0,0.0,0.0,100.0,0.0
20230216031822,0.0,0.0,0.0,0.0,0.0,0.0,100.0,0.0
20230216031852,0.0,0.0,0.0,0.0,0.0,0.0,100.0,0.0
20230216031922,0.0,0.0,0.0,0.0,0.0,0.0,100.0,0.0
20230216031952,0.0,0.0,0.0,0.0,0.0,0.0,100.0,0.0
20230216032022,0.0,0.0,0.0,0.0,0.0,0.0,100.0,0.0
20230216032052,0.0,0.0,0.0,0.0,0.0,0.0,100.0,0.0
20230216032122,0.0,0.0,0.0,0.0,0.0,0.0,100.0,0.0
20230216032152,0.0,0.0,0.0,0.0,0.0,0.0,100.0,0.0
20230216032222,0.0,0.0,0.0,0.0,0.0,0.0,100.0,0.0
20230216032252,0.0,0.0,0.0,0.0,0.0,0.0,100.0,0.0
20230216032322,0.0,0.0,0.0,0.0,0.0,0.0,100.0,0.0
20230216032352,0.0,0.0,0.0,0.0,0.0,0.0,100.0,0.0
20230216032422,0.0,0.0,0.0,0.0,0.0,0.0,100.0,0.0
20230216032452,0.0,0.0,0.0,0.0,0.0,0.0,100.0,0.0
20230216032522,0.0,0.0,0.0,0.0,0.0,0.0,100.0,0.0
20230216032552,0.0,0.0,0.2,0.0,0.0,0.0,99.8,0.0
20230216032622,0.0,0.0,0.0,0.0,0.0,0.0,100.0,0.0
20230216032652,0.0,0.0,0.0,0.0,0.0,0.0,100.0,0.0
20230216032722,0.0,0.0,0.0,0.0,0.0,0.0,100.0,0.0
20230216032752,0.0,0.0,0.0,0.0,0.0,0.0,100.0,0.0
20230216032823,0.0,0.0,0.0,0.0,0.0,0.1,99.9,0.0
20230216032853,0.0,0.0,0.0,0.0,0.0,0.2,99.8,0.0
20230216032923,0.0,0.0,0.0,0.0,0.0,0.0,100.0,0.0
20230216032953,0.0,0.0,0.0,0.0,0.0,0.0,100.0,0.0
20230216033023,0.0,0.0,0.0,0.0,0.0,0.2,99.7,0.0
20230216033053,0.0,0.0,0.0,0.0,0.0,0.1,99.9,0.0
20230216033123,0.0,0.0,0.2,0.2,0.0,1.7,97.8,0.0
20230216033153,0.0,0.0,0.0,0.8,0.0,2.5,96.7,0.0
20230216033223,0.0,0.0,0.0,0.1,0.0,3.6,96.2,0.0
20230216033253,0.1,0.0,0.0,0.1,0.0,42.5,57.4,0.0
20230216033323,0.0,0.0,0.2,0.1,0.0,7.1,92.6,0.0
20230216033353,0.1,0.0,0.0,0.1,0.0,2.4,97.3,0.0
20230216033423,0.0,0.0,0.0,0.1,0.0,20.3,79.5,0.0
20230216033453,0.0,0.0,0.0,0.1,0.0,0.1,99.8,0.0
20230216033523,0.0,0.0,0.0,0.0,0.0,0.0,99.9,0.0
20230216033553,0.0,0.0,0.0,0.0,0.0,0.0,100.0,0.0
20230216033623,0.0,0.0,0.0,0.1,0.0,0.0,99.8,0.0
20230216033653,0.0,0.0,0.0,0.0,0.0,0.1,99.9,0.0
20230216033723,0.0,0.0,0.0,0.4,0.0,0.3,99.3,0.0
20230216033753,0.0,0.0,0.0,0.2,0.0,1.4,98.5,0.0
20230216033823,0.0,0.0,0.0,0.1,0.0,0.1,99.8,0.0
20230216033853,0.0,0.0,0.0,0.0,0.0,0.1,99.9,0.0
20230216033923,0.0,0.0,0.0,0.0,0.0,0.1,99.9,0.0
20230216033953,0.0,0.0,0.0,0.0,0.0,0.0,100.0,0.0
20230216034023,0.0,0.0,0.0,0.0,0.0,0.0,100.0,0.0
20230216034053,0.0,0.0,0.0,0.4,0.0,0.1,99.5,0.0
20230216034123,0.0,0.0,0.0,0.7,0.0,0.2,99.1,0.0
20230216034153,0.0,0.0,0.0,0.6,0.0,0.1,99.3,0.0
20230216034223,0.0,0.0,0.0,3.2,0.0,0.0,96.8,0.0
20230216034253,0.0,0.0,0.0,0.8,0.0,0.0,99.2,0.0
20230216034323,0.0,0.0,0.0,0.0,0.0,0.0,100.0,0.0
20230216034353,0.0,0.0,0.0,0.0,0.0,0.0,100.0,0.0
20230216034423,0.0,0.0,0.0,0.0,0.0,0.0,100.0,0.0
20230216034453,0.0,0.0,0.0,0.0,0.0,0.0,100.0,0.0
20230216034523,0.0,0.0,0.0,0.0,0.0,0.2,99.8,0.0
20230216034553,0.0,0.0,0.0,0.1,0.0,0.1,99.8,0.0
20230216034623,0.0,0.0,0.0,0.0,0.0,0.0,100.0,0.0
20230216034653,0.0,0.0,0.0,0.1,0.0,0.1,99.8,0.0
20230216034723,0.0,0.0,0.0,0.0,0.0,0.0,100.0,0.0
20230216034753,0.0,0.0,0.0,0.0,0.0,0.0,100.0,0.0
20230216034823,0.0,0.0,0.0,0.0,0.0,0.0,100.0,0.0
20230216034853,0.0,0.0,0.0,0.0,0.0,0.0,100.0,0.0
20230216034923,0.0,0.0,0.0,0.0,0.0,0.0,100.0,0.0
20230216034953,0.0,0.0,0.0,0.0,0.0,0.0,100.0,0.0
20230216035023,0.0,0.0,0.0,0.0,0.0,0.2,99.8,0.0
20230216035053,0.0,0.0,0.0,0.2,0.0,0.7,99.1,0.0
20230216035123,0.0,0.0,0.0,0.0,0.0,0.0,100.0,0.0
20230216035153,0.0,0.0,0.0,0.0,0.0,0.0,100.0,0.0
20230216035223,0.0,0.0,0.0,0.0,0.0,0.0,100.0,0.0
20230216035253,0.0,0.0,0.0,0.0,0.0,0.0,100.0,0.0
20230216035323,0.0,0.0,0.0,0.0,0.0,0.0,100.0,0.0
20230216035353,0.0,0.0,0.0,0.0,0.0,0.0,100.0,0.0
20230216035423,0.0,0.0,0.0,0.1,0.0,0.0,99.9,0.0
20230216035453,0.0,0.0,0.0,0.0,0.0,0.0,99.9,0.0
20230216035523,0.0,0.0,0.0,0.2,0.0,0.0,99.8,0.0
20230216035553,0.0,0.0,0.0,0.0,0.0,0.0,100.0,0.0
20230216035623,0.0,0.0,0.0,0.0,0.0,0.0,99.9,0.0
20230216035653,0.0,0.0,0.0,0.6,0.0,0.1,99.3,0.0
20230216035723,0.0,0.0,0.0,0.0,0.0,0.0,100.0,0.0
20230216035753,0.0,0.0,0.0,0.0,0.0,0.0,100.0,0.0
20230216035823,0.0,0.0,0.0,0.0,0.0,0.0,100.0,0.0
20230216035853,0.0,0.0,0.0,0.0,0.0,0.0,100.0,0.0
20230216035923,0.0,0.0,0.0,0.0,0.0,0.0,100.0,0.0
20230216035953,0.0,0.0,0.0,0.0,0.0,0.0,100.0,0.0
20230216040023,0.0,0.0,0.0,0.0,0.0,0.0,100.0,0.0
20230216040053,0.0,0.0,0.0,0.0,0.0,0.0,100.0,0.0
20230216040123,0.0,0.0,0.0,0.0,0.0,0.0,100.0,0.0
20230216040153,0.0,0.0,0.0,0.1,0.0,0.0,99.9,0.0
20230216040224,0.0,0.0,0.0,0.1,0.0,0.0,99.9,0.0
20230216040254,0.0,0.0,0.0,0.9,0.0,1.0,98.1,0.0
20230216040324,0.0,0.0,0.0,0.1,0.0,0.0,99.9,0.0
20230216040354,0.0,0.0,0.0,0.0,0.0,0.0,100.0,0.0
20230216040424,0.0,0.0,0.0,0.0,0.0,0.0,100.0,0.0
20230216040454,0.0,0.0,0.0,0.5,0.0,2.5,96.9,0.0
20230216040524,0.0,0.0,0.0,0.0,0.0,0.3,99.7,0.0
20230216040554,0.0,0.0,0.0,0.0,0.0,0.4,99.6,0.0
20230216040624,0.0,0.0,0.0,0.0,0.0,0.7,99.3,0.0
20230216040654,0.0,0.0,0.0,0.0,0.0,0.2,99.8,0.0
20230216040724,0.0,0.0,0.0,0.0,0.0,0.0,100.0,0.0
20230216040754,0.0,0.0,0.0,0.0,0.0,0.0,100.0,0.0
20230216040824,0.0,0.0,0.0,0.0,0.0,0.0,100.0,0.0
20230216040854,0.0,0.0,0.0,0.0,0.0,0.0,100.0,0.0
20230216040924,0.0,0.0,0.0,0.0,0.0,0.0,100.0,0.0
20230216040954,0.0,0.0,0.0,0.0,0.0,0.0,99.9,0.0
20230216041024,0.1,0.0,0.0,0.0,0.0,0.0,99.8,0.0
20230216041054,0.1,0.0,0.0,0.2,0.0,0.1,99.6,0.0
20230216041124,0.0,0.0,0.0,0.3,0.0,0.0,99.7,0.0
20230216041154,0.1,0.0,0.2,2.3,0.0,2.0,95.4,0.0
20230216041224,0.5,0.0,0.1,5.8,0.0,0.3,93.3,0.0
20230216041254,0.0,0.0,0.0,1.3,0.0,0.4,98.3,0.0
20230216041324,0.0,0.0,0.0,0.0,0.0,0.2,99.7,0.0
20230216041354,0.0,0.0,0.0,0.0,0.0,0.3,99.7,0.0
20230216041424,0.0,0.0,0.0,0.0,0.0,0.0,100.0,0.0
20230216041454,0.0,0.0,0.0,0.0,0.0,0.1,99.9,0.0
20230216041524,0.0,0.0,0.0,0.0,0.0,0.0,100.0,0.0
20230216041554,0.0,0.0,0.0,0.0,0.0,0.0,100.0,0.0
20230216041624,0.0,0.0,0.0,0.0,0.0,0.0,100.0,0.0
20230216041654,0.0,0.0,0.0,0.0,0.0,0.0,100.0,0.0
20230216041724,0.0,0.0,0.0,0.0,0.0,0.0,100.0,0.0
20230216041754,0.0,0.0,0.0,0.0,0.0,0.0,100.0,0.0
20230216041824,0.0,0.0,0.0,0.0,0.0,0.0,100.0,0.0
20230216041854,0.0,0.0,0.0,0.1,0.0,0.0,99.9,0.0
20230216041924,0.0,0.0,0.0,0.3,0.0,0.0,99.6,0.1
20230216041954,0.0,0.0,0.0,0.2,0.0,0.0,99.8,0.0
20230216042024,0.0,0.0,0.0,0.1,0.0,0.0,99.9,0.0
20230216042054,0.0,0.0,0.0,0.2,0.0,0.0,99.8,0.0
20230216042124,0.0,0.0,0.0,0.0,0.0,0.0,100.0,0.0
20230216042154,0.0,0.0,0.0,0.0,0.0,0.0,100.0,0.0
20230216042224,0.0,0.0,0.0,0.1,0.0,0.0,99.8,0.0
20230216042254,0.0,0.0,0.0,0.1,0.0,0.0,99.9,0.0
20230216042324,0.0,0.0,0.0,0.0,0.0,0.0,100.0,0.0
20230216042354,0.0,0.0,0.0,0.0,0.0,0.0,100.0,0.0
20230216042424,0.0,0.0,0.0,0.0,0.0,0.0,100.0,0.0
20230216042454,0.0,0.0,0.0,0.0,0.0,0.0,100.0,0.0
20230216042524,0.0,0.0,0.0,0.0,0.0,0.0,100.0,0.0
20230216042554,0.0,0.0,0.0,0.0,0.0,0.0,100.0,0.0
20230216042624,0.0,0.0,0.0,0.0,0.0,0.0,100.0,0.0
20230216042654,0.0,0.0,0.0,0.0,0.0,0.0,100.0,0.0
20230216042724,0.0,0.0,0.0,0.0,0.0,0.0,100.0,0.0
20230216042754,0.0,0.0,0.0,0.0,0.0,0.0,100.0,0.0
20230216042824,0.0,0.0,0.0,0.0,0.0,0.0,100.0,0.0
20230216042854,0.0,0.0,0.0,0.0,0.0,0.0,100.0,0.0
20230216042924,0.0,0.0,0.0,0.0,0.0,0.0,100.0,0.0
20230216042955,0.0,0.0,0.0,0.0,0.0,0.0,99.7,0.3
20230216043025,0.0,0.0,0.0,0.0,0.0,0.0,99.9,0.1
20230216043055,0.0,0.0,0.0,0.0,0.0,0.0,100.0,0.0
20230216043125,0.0,0.0,0.0,0.0,0.0,0.0,99.4,0.6
20230216043155,0.0,0.0,0.0,0.0,0.0,0.0,99.9,0.1
20230216043225,0.0,0.0,0.0,0.0,0.0,0.0,100.0,0.0
20230216043255,0.0,0.0,0.0,0.0,0.0,0.0,100.0,0.0
20230216043325,0.0,0.0,0.0,0.0,0.0,0.0,100.0,0.0
20230216043355,0.0,0.0,0.0,0.0,0.0,0.0,100.0,0.0
20230216043425,0.0,0.0,0.0,0.0,0.0,0.0,100.0,0.0
20230216043455,0.0,0.0,0.0,0.0,0.0,0.0,100.0,0.0
20230216043525,0.0,0.0,0.0,0.0,0.0,0.0,100.0,0.0
20230216043555,0.0,0.0,0.0,0.0,0.0,0.0,100.0,0.0
20230216043625,0.0,0.0,0.0,0.0,0.0,0.0,100.0,0.0
20230216043655,0.0,0.0,0.0,0.0,0.0,0.0,100.0,0.0
20230216043725,0.0,0.0,0.0,0.0,0.0,0.0,100.0,0.0
20230216043755,0.0,0.0,0.0,0.0,0.0,0.0,100.0,0.0
20230216043825,0.0,0.0,0.0,0.0,0.0,0.0,100.0,0.0
20230216043855,0.0,0.0,0.0,0.0,0.0,0.0,100.0,0.0
20230216043925,0.0,0.0,0.0,0.0,0.0,0.0,100.0,0.0
20230216043955,0.0,0.0,0.0,0.0,0.0,0.0,99.9,0.1
20230216044025,0.0,0.0,0.0,0.0,0.0,0.0,99.7,0.3
20230216044055,0.0,0.0,0.0,0.0,0.0,0.0,99.9,0.1
20230216044125,0.0,0.0,0.0,0.0,0.0,0.0,99.5,0.5
20230216044155,0.0,0.0,0.0,0.0,0.0,0.0,99.9,0.1
20230216044225,0.0,0.0,0.0,0.0,0.0,0.0,99.7,0.3
20230216044255,0.0,0.0,0.0,0.0,0.0,0.0,99.2,0.8
20230216044325,0.0,0.0,0.0,0.0,0.0,0.0,99.9,0.1
20230216044355,0.0,0.0,0.0,0.0,0.0,0.0,100.0,0.0
20230216044425,0.0,0.0,0.0,0.0,0.0,0.0,100.0,0.0
20230216044455,0.0,0.0,0.0,0.0,0.0,0.0,100.0,0.0
20230216044525,0.0,0.0,0.0,0.0,0.0,0.0,100.0,0.0
20230216044555,0.0,0.0,0.0,0.0,0.0,0.0,99.9,0.1
20230216044625,0.0,0.0,0.0,0.0,0.0,0.0,100.0,0.0
20230216044655,0.0,0.0,0.0,0.0,0.0,0.0,100.0,0.0
20230216044725,0.0,0.0,0.0,0.0,0.0,0.0,100.0,0.0
20230216044755,0.0,0.0,0.0,0.0,0.0,0.0,100.0,0.0
20230216044825,0.0,0.0,0.0,0.0,0.0,0.0,99.9,0.1
20230216044855,0.0,0.0,0.0,0.0,0.0,0.0,99.5,0.5
20230216044925,0.0,0.0,0.0,0.2,0.0,0.0,96.0,3.8
20230216044955,0.0,0.0,0.0,0.0,0.0,0.0,99.4,0.6
20230216045025,0.0,0.0,0.0,0.0,0.0,0.0,99.5,0.5
20230216045055,0.0,0.0,0.0,0.0,0.0,0.0,96.2,3.8
20230216045125,0.0,0.0,0.0,0.0,0.1,0.0,15.0,84.9
20230216045155,0.0,0.0,0.0,0.0,0.0,0.0,0.0,100.0
20230216045225,0.0,0.0,0.0,0.0,0.0,0.0,0.0,100.0
20230216045255,0.0,0.0,0.0,0.0,0.0,0.0,0.0,100.0
20230216045325,0.0,0.0,0.0,0.0,0.0,0.0,0.0,100.0
20230216045355,0.0,0.0,0.0,0.0,0.0,0.0,0.0,100.0
20230216045425,0.0,0.0,0.0,0.0,0.0,0.0,0.0,100.0
20230216045455,0.0,0.0,0.0,0.0,0.0,0.0,0.0,100.0
20230216045525,0.0,0.0,0.0,0.0,0.0,0.0,0.0,100.0
20230216045555,0.0,0.0,0.0,0.0,0.0,0.0,0.0,100.0
20230216045625,0.0,0.0,0.0,0.0,0.0,0.0,0.0,100.0
20230216045655,0.0,0.0,0.0,0.0,0.0,0.0,0.0,100.0
20230216045725,0.0,0.0,0.0,0.0,0.0,0.0,0.0,100.0
20230216045755,0.0,0.0,0.0,0.0,0.0,0.0,0.0,100.0
20230216045825,0.0,0.0,0.0,0.0,0.0,0.0,0.0,100.0
20230216045855,0.0,0.0,0.0,0.0,0.0,0.0,0.0,100.0
20230216045925,0.0,0.0,0.0,0.0,0.0,0.0,0.0,100.0
20230216045955,0.0,0.0,0.0,0.0,0.0,0.0,0.0,100.0
20230216050025,0.0,0.0,0.0,0.0,0.0,0.0,0.0,100.0
20230216050055,0.0,0.0,0.0,0.0,0.0,0.0,0.0,100.0
20230216050125,0.0,0.0,0.0,0.0,0.0,0.0,0.0,100.0
20230216050155,0.0,0.0,0.0,0.0,0.0,0.0,0.0,100.0
20230216050225,0.0,0.0,0.0,0.0,0.0,0.0,0.0,100.0
20230216050255,0.0,0.0,0.0,0.0,0.0,0.0,0.0,100.0
20230216050325,0.0,0.0,0.0,0.0,0.0,0.0,0.0,100.0
20230216050356,0.0,0.0,0.0,0.0,0.0,0.0,0.0,100.0
20230216050426,0.0,0.0,0.0,0.0,0.0,0.0,0.0,100.0
20230216050456,0.0,0.0,0.0,0.0,0.0,0.0,0.0,100.0
20230216050526,0.0,0.0,0.0,0.0,0.0,0.0,0.0,100.0
20230216050556,0.0,0.0,0.0,0.0,0.0,0.0,0.0,100.0
20230216050626,0.0,0.0,0.0,0.0,0.0,0.0,0.0,100.0
20230216050656,0.0,0.0,0.0,0.0,0.0,0.0,0.0,100.0
20230216050726,0.0,0.0,0.0,0.0,0.0,0.0,0.0,100.0
20230216050756,0.0,0.0,0.0,0.0,0.0,0.0,0.0,100.0
20230216050826,0.0,0.0,0.0,0.0,0.0,0.0,0.0,100.0
20230216050856,0.0,0.0,0.0,0.0,0.0,0.0,0.0,100.0
20230216050926,0.0,0.0,0.0,0.0,0.0,0.0,0.0,100.0
20230216050956,0.0,0.0,0.0,0.0,0.0,0.0,0.0,100.0
20230216051026,0.0,0.0,0.0,0.0,0.0,0.0,0.0,100.0
20230216051056,0.0,0.0,0.0,0.0,0.0,0.0,0.0,100.0
20230216051126,0.0,0.0,0.0,0.0,0.0,0.0,0.0,100.0
20230216051156,0.0,0.0,0.0,0.0,0.0,0.0,0.0,100.0
20230216051226,0.0,0.0,0.0,0.0,0.0,0.0,0.0,100.0
20230216051256,0.0,0.0,0.0,0.0,0.0,0.0,0.0,100.0
20230216051326,0.0,0.0,0.0,0.0,0.0,0.0,0.0,100.0
20230216051356,0.0,0.0,0.0,0.0,0.0,0.0,0.0,100.0
20230216051426,0.0,0.0,0.0,0.0,0.0,0.0,0.0,100.0
20230216051904,0.0,0.0,0.0,0.0,0.0,0.0,0.0,100.0
20230216051934,0.0,0.0,0.0,0.0,0.0,0.0,0.0,100.0
20230216052004,0.0,0.0,0.0,0.0,0.0,0.0,0.0,100.0
20230216052034,0.0,0.0,0.0,0.0,0.0,0.0,0.0,100.0
20230216052104,0.0,0.0,0.0,0.0,0.0,0.0,0.0,100.0
20230216052134,0.0,0.0,0.0,0.0,0.0,0.0,0.0,100.0
20230216052204,0.0,0.0,0.0,0.0,0.0,0.0,0.0,100.0
20230216052234,0.0,0.0,0.0,0.0,0.0,0.0,0.0,100.0
20230216052304,0.0,0.0,0.0,0.0,0.0,0.0,0.0,100.0
20230216052334,0.0,0.0,0.0,0.0,0.0,0.0,0.0,100.0
20230216052404,0.0,0.0,0.0,0.0,0.0,0.0,0.0,100.0
20230216052434,0.0,0.0,0.0,0.0,0.0,0.0,0.0,100.0
20230216052504,0.0,0.0,0.0,0.0,0.0,0.0,0.0,100.0
20230216052534,0.0,0.0,0.0,0.0,0.0,0.0,0.0,100.0
20230216052604,0.0,0.0,0.0,0.0,0.0,0.0,0.0,100.0
20230216052634,0.0,0.0,0.0,0.0,0.0,0.0,0.0,100.0
20230216052704,0.0,0.0,0.0,0.0,0.0,0.0,0.0,100.0
20230216052734,0.0,0.0,0.0,0.0,0.0,0.0,0.0,100.0
20230216052804,0.0,0.0,0.0,0.0,0.0,0.0,0.0,100.0
20230216052834,0.0,0.0,0.0,0.0,0.0,0.0,0.0,100.0
20230216052904,0.0,0.0,0.0,0.0,0.0,0.0,0.0,100.0
20230216052934,0.0,0.0,0.0,0.0,0.0,0.0,0.0,100.0
20230216053004,0.0,0.0,0.0,0.0,0.0,0.0,0.0,100.0
20230216053034,0.0,0.0,0.0,0.0,0.0,0.0,0.0,100.0
20230216053104,0.0,0.0,0.0,0.0,0.0,0.0,0.0,100.0
20230216053134,0.0,0.0,0.0,0.0,0.0,0.0,0.0,100.0
20230216053204,0.0,0.0,0.0,0.0,0.0,0.0,0.0,100.0
20230216053234,0.0,0.0,0.0,0.0,0.0,0.0,0.0,100.0
20230216053304,0.0,0.0,0.0,0.0,0.0,0.0,0.0,100.0
20230216053334,0.0,0.0,0.0,0.0,0.0,0.0,0.0,100.0
20230216053404,0.0,0.0,0.0,0.0,0.0,0.0,0.0,100.0
20230216053434,0.0,0.0,0.0,0.0,0.0,0.0,0.0,100.0
20230216053504,0.0,0.0,0.0,0.0,0.0,0.0,0.0,100.0
20230216053534,0.0,0.0,0.0,0.0,0.0,0.0,0.0,100.0
20230216053604,0.0,0.0,0.0,0.0,0.0,0.0,0.0,100.0
20230216053634,0.0,0.0,0.0,0.0,0.0,0.0,0.0,100.0
20230216053704,0.0,0.0,0.0,0.0,0.0,0.0,0.0,100.0
20230216053734,0.0,0.0,0.0,0.0,0.0,0.0,0.0,100.0
20230216053804,0.0,0.0,0.0,0.0,0.0,0.0,0.0,100.0
20230216053834,0.0,0.0,0.0,0.0,0.0,0.0,0.0,100.0
20230216053904,0.0,0.0,0.0,0.0,0.0,0.0,0.0,100.0
20230216053934,0.0,0.0,0.0,0.0,0.0,0.0,0.0,100.0
20230216054004,0.0,0.0,0.0,0.0,0.0,0.0,0.0,100.0
20230216054034,0.0,0.0,0.0,0.0,0.0,0.0,0.0,100.0
20230216054104,0.0,0.0,0.0,0.0,0.0,0.0,0.0,100.0
20230216054134,0.0,0.0,0.0,0.0,0.0,0.0,0.0,100.0
20230216054204,0.0,0.0,0.0,0.0,0.0,0.0,0.0,100.0
20230216054234,0.0,0.0,0.0,0.0,0.0,0.0,0.0,100.0
20230216054304,0.0,0.0,0.0,0.0,0.0,0.0,0.0,100.0
20230216054335,0.0,0.0,0.0,0.0,0.0,0.0,0.0,100.0
20230216054405,0.0,0.0,0.0,0.0,0.0,0.0,0.0,100.0
20230216054435,0.0,0.0,0.0,0.0,0.0,0.0,0.0,100.0
20230216054505,0.0,0.0,0.0,0.0,0.0,0.0,0.0,100.0
20230216054535,0.0,0.0,0.0,0.0,0.0,0.0,0.0,100.0
20230216054605,0.0,0.0,0.0,0.0,0.0,0.0,0.0,100.0
20230216054635,0.0,0.0,0.0,0.0,0.0,0.0,0.0,100.0
20230216054705,0.0,0.0,0.0,0.0,0.0,0.0,0.0,100.0
20230216054735,0.0,0.0,0.0,0.0,0.0,0.0,0.0,100.0
20230216054805,0.0,0.0,0.0,0.0,0.0,0.0,0.0,100.0
20230216054835,0.0,0.0,0.0,0.0,0.0,0.0,0.0,100.0
20230216054905,0.0,0.0,0.0,0.0,0.0,0.0,0.0,100.0
20230216054935,0.0,0.0,0.0,0.0,0.0,0.0,0.0,100.0
20230216055005,0.0,0.0,0.0,0.0,0.0,0.0,0.0,100.0
20230216055035,0.0,0.0,0.0,0.0,0.0,0.0,0.0,100.0
20230216055105,0.0,0.0,0.0,0.0,0.0,0.0,0.0,100.0
20230216055135,0.0,0.0,0.0,0.0,0.0,0.0,0.0,100.0
20230216055205,0.0,0.0,0.0,0.0,0.0,0.0,0.0,100.0
20230216055235,0.0,0.0,0.0,0.0,0.0,0.0,0.0,100.0
20230216055305,0.0,0.0,0.0,0.0,0.0,0.0,0.0,100.0
20230216055335,0.0,0.0,0.0,0.0,0.0,0.0,0.0,100.0
20230216055405,0.0,0.0,0.0,0.0,0.0,0.0,0.0,100.0
20230216055435,0.0,0.0,0.0,0.0,0.0,0.0,0.0,100.0
20230216055505,0.0,0.0,0.0,0.0,0.0,0.0,0.0,100.0
20230216055535,0.0,0.0,0.0,0.0,0.0,0.0,0.0,100.0
20230216055605,0.0,0.0,0.0,0.0,0.0,0.0,0.0,100.0
20230216055635,0.0,0.0,0.0,0.0,0.0,0.0,0.0,100.0
20230216055705,0.0,0.0,0.0,0.0,0.0,0.0,0.0,100.0
20230216055735,0.0,0.0,0.0,0.0,0.0,0.0,0.0,100.0
20230216055805,0.0,0.0,0.0,0.0,0.0,0.0,0.0,100.0
20230216055835,0.0,0.0,0.0,0.0,0.0,0.0,0.0,100.0
20230216055905,0.0,0.0,0.0,0.0,0.0,0.0,0.0,100.0
20230216055935,0.0,0.0,0.0,0.0,0.0,0.0,0.0,100.0
20230216060005,0.0,0.0,0.0,0.0,0.0,0.0,0.0,100.0
20230216060035,0.0,0.0,0.0,0.0,0.0,0.0,0.0,100.0
20230216060105,0.0,0.0,0.0,0.0,0.0,0.0,0.0,100.0
20230216060135,0.0,0.0,0.0,0.0,0.0,0.0,0.0,100.0
20230216060205,0.0,0.0,0.0,0.0,0.0,0.0,0.0,100.0
20230216060235,0.0,0.0,0.0,0.0,0.0,0.0,0.0,100.0
20230216060305,0.0,0.0,0.0,0.0,0.0,0.0,0.0,100.0
20230216060335,0.0,0.0,0.0,0.0,0.0,0.0,0.0,100.0
20230216060405,0.0,0.0,0.0,0.0,0.0,0.0,0.0,100.0
20230216060435,0.0,0.0,0.0,0.0,0.0,0.0,0.0,100.0
20230216060505,0.0,0.0,0.0,0.0,0.0,0.0,0.0,100.0
20230216060535,0.0,0.0,0.0,0.0,0.0,0.0,0.0,100.0
20230216060605,0.0,0.0,0.0,0.0,0.0,0.0,0.0,100.0
20230216060635,0.0,0.0,0.0,0.0,0.0,0.0,0.0,100.0
20230216060705,0.0,0.0,0.0,0.0,0.0,0.0,0.0,100.0
20230216060735,0.0,0.0,0.0,0.0,0.0,0.0,0.0,100.0
20230216060805,0.0,0.0,0.0,0.0,0.0,0.0,0.0,100.0
20230216060835,0.0,0.0,0.0,0.0,0.0,0.0,0.0,100.0
20230216060905,0.0,0.0,0.0,0.0,0.0,0.0,0.0,100.0
20230216060935,0.0,0.0,0.0,0.0,0.0,0.0,0.0,100.0
20230216061005,0.0,0.0,0.0,0.0,0.0,0.0,0.0,100.0
20230216061035,0.0,0.0,0.0,0.0,0.0,0.0,0.0,100.0
20230216061106,0.0,0.0,0.0,0.0,0.0,0.0,0.0,100.0
20230216061136,0.0,0.0,0.0,0.0,0.0,0.0,0.0,100.0
20230216061206,0.0,0.0,0.0,0.0,0.0,0.0,0.0,100.0
20230216061236,0.0,0.0,0.0,0.0,0.0,0.0,0.0,100.0
20230216061306,0.0,0.0,0.0,0.0,0.0,0.0,0.0,100.0
20230216061336,0.0,0.0,0.0,0.0,0.0,0.0,0.0,100.0
20230216061406,0.0,0.0,0.0,0.0,0.0,0.0,0.0,100.0
